-- Phase 3 expanded demo content. Sources: Official Escape from Tarkov Wiki and tarkov.dev API, checked on 2026-06-14.
USE tarkov_community;

INSERT INTO tarkov_quest (id, trader_id, name_en, name_zh, quest_type, map_id, description, rewards, unlocks, status)
VALUES
  (1001, 2, 'First in Line', 'First in Line', 'ROUTE', 9, 'First in Line 是 Therapist 任务线中的常见节点。建议提前确认交付物、钥匙、出生点和撤离方向，并把路线拆成可复盘的小步骤。', '经验、商人声望、卢布或后续购买权限', '后续任务链、商人等级或配方解锁', 'ENABLED'),
  (1002, 1, 'Shooting Cans', 'Shooting Cans', 'ROUTE', 9, 'Shooting Cans 是 Prapor 任务线中的常见节点。建议提前确认交付物、钥匙、出生点和撤离方向，并把路线拆成可复盘的小步骤。', '经验、商人声望、卢布或后续购买权限', '后续任务链、商人等级或配方解锁', 'ENABLED'),
  (1003, 3, 'Burning Rubber', 'Burning Rubber', 'ROUTE', 9, 'Burning Rubber 是 Skier 任务线中的常见节点。建议提前确认交付物、钥匙、出生点和撤离方向，并把路线拆成可复盘的小步骤。', '经验、商人声望、卢布或后续购买权限', '后续任务链、商人等级或配方解锁', 'ENABLED'),
  (1004, 4, 'Saving the Mole', 'Saving the Mole', 'ROUTE', 9, 'Saving the Mole 是 Mechanic 任务线中的常见节点。建议提前确认交付物、钥匙、出生点和撤离方向，并把路线拆成可复盘的小步骤。', '经验、商人声望、卢布或后续购买权限', '后续任务链、商人等级或配方解锁', 'ENABLED'),
  (1005, 1, 'Luxurious Life', 'Luxurious Life', 'ROUTE', 9, 'Luxurious Life 是 Prapor 任务线中的常见节点。建议提前确认交付物、钥匙、出生点和撤离方向，并把路线拆成可复盘的小步骤。', '经验、商人声望、卢布或后续购买权限', '后续任务链、商人等级或配方解锁', 'ENABLED'),
  (1006, 1, 'Background Check', 'Background Check', 'ROUTE', 1, 'Background Check 是 Prapor 任务线中的常见节点。建议提前确认交付物、钥匙、出生点和撤离方向，并把路线拆成可复盘的小步骤。', '经验、商人声望、卢布或后续购买权限', '后续任务链、商人等级或配方解锁', 'ENABLED'),
  (1007, 1, 'Checking', 'Checking', 'MARKING', NULL, 'Checking 是 商人 任务线中的常见节点。建议提前确认交付物、钥匙、出生点和撤离方向，并把路线拆成可复盘的小步骤。', '经验、商人声望、卢布或后续购买权限', '后续任务链、商人等级或配方解锁', 'ENABLED'),
  (1008, 1, 'Shootout Picnic', 'Shootout Picnic', 'COMBAT', 3, 'Shootout Picnic 是 Prapor 任务线中的常见节点。建议提前确认交付物、钥匙、出生点和撤离方向，并把路线拆成可复盘的小步骤。', '经验、商人声望、卢布或后续购买权限', '后续任务链、商人等级或配方解锁', 'ENABLED'),
  (1009, 1, 'BP Depot', 'BP Depot', 'MARKING', 1, 'BP Depot 是 Prapor 任务线中的常见节点。建议提前确认交付物、钥匙、出生点和撤离方向，并把路线拆成可复盘的小步骤。', '经验、商人声望、卢布或后续购买权限', '后续任务链、商人等级或配方解锁', 'ENABLED'),
  (1010, 1, 'Bad Rep Evidence', 'Bad Rep Evidence', 'ROUTE', NULL, 'Bad Rep Evidence 是 Prapor 任务线中的常见节点。建议提前确认交付物、钥匙、出生点和撤离方向，并把路线拆成可复盘的小步骤。', '经验、商人声望、卢布或后续购买权限', '后续任务链、商人等级或配方解锁', 'ENABLED'),
  (1011, 1, 'Ice Cream Cones', 'Ice Cream Cones', 'ROUTE', 3, 'Ice Cream Cones 是 Prapor 任务线中的常见节点。建议提前确认交付物、钥匙、出生点和撤离方向，并把路线拆成可复盘的小步骤。', '经验、商人声望、卢布或后续购买权限', '后续任务链、商人等级或配方解锁', 'ENABLED'),
  (1012, 1, 'Postman Pat Part 1', 'Postman Pat Part 1', 'ROUTE', NULL, 'Postman Pat Part 1 是 商人 任务线中的常见节点。建议提前确认交付物、钥匙、出生点和撤离方向，并把路线拆成可复盘的小步骤。', '经验、商人声望、卢布或后续购买权限', '后续任务链、商人等级或配方解锁', 'ENABLED'),
  (1013, 1, 'Shaking Up Teller', 'Shaking Up Teller', 'ROUTE', NULL, 'Shaking Up Teller 是 商人 任务线中的常见节点。建议提前确认交付物、钥匙、出生点和撤离方向，并把路线拆成可复盘的小步骤。', '经验、商人声望、卢布或后续购买权限', '后续任务链、商人等级或配方解锁', 'ENABLED'),
  (1014, 1, 'The Bunker Part 1', 'The Bunker Part 1', 'ROUTE', NULL, 'The Bunker Part 1 是 商人 任务线中的常见节点。建议提前确认交付物、钥匙、出生点和撤离方向，并把路线拆成可复盘的小步骤。', '经验、商人声望、卢布或后续购买权限', '后续任务链、商人等级或配方解锁', 'ENABLED'),
  (1015, 1, 'The Bunker Part 2', 'The Bunker Part 2', 'ROUTE', NULL, 'The Bunker Part 2 是 商人 任务线中的常见节点。建议提前确认交付物、钥匙、出生点和撤离方向，并把路线拆成可复盘的小步骤。', '经验、商人声望、卢布或后续购买权限', '后续任务链、商人等级或配方解锁', 'ENABLED'),
  (1016, 1, 'Anesthesia', 'Anesthesia', 'ROUTE', 6, 'Anesthesia 是 Prapor 任务线中的常见节点。建议提前确认交付物、钥匙、出生点和撤离方向，并把路线拆成可复盘的小步骤。', '经验、商人声望、卢布或后续购买权限', '后续任务链、商人等级或配方解锁', 'ENABLED'),
  (1017, 1, 'Grenadier', 'Grenadier', 'COMBAT', NULL, 'Grenadier 是 Prapor 任务线中的常见节点。建议提前确认交付物、钥匙、出生点和撤离方向，并把路线拆成可复盘的小步骤。', '经验、商人声望、卢布或后续购买权限', '后续任务链、商人等级或配方解锁', 'ENABLED'),
  (1018, 1, 'The Punisher Part 1', 'The Punisher Part 1', 'COMBAT', NULL, 'The Punisher Part 1 是 商人 任务线中的常见节点。建议提前确认交付物、钥匙、出生点和撤离方向，并把路线拆成可复盘的小步骤。', '经验、商人声望、卢布或后续购买权限', '后续任务链、商人等级或配方解锁', 'ENABLED'),
  (1019, 1, 'The Punisher Part 2', 'The Punisher Part 2', 'COMBAT', NULL, 'The Punisher Part 2 是 商人 任务线中的常见节点。建议提前确认交付物、钥匙、出生点和撤离方向，并把路线拆成可复盘的小步骤。', '经验、商人声望、卢布或后续购买权限', '后续任务链、商人等级或配方解锁', 'ENABLED'),
  (1020, 1, 'The Punisher Part 3', 'The Punisher Part 3', 'COMBAT', NULL, 'The Punisher Part 3 是 商人 任务线中的常见节点。建议提前确认交付物、钥匙、出生点和撤离方向，并把路线拆成可复盘的小步骤。', '经验、商人声望、卢布或后续购买权限', '后续任务链、商人等级或配方解锁', 'ENABLED'),
  (1021, 1, 'The Punisher Part 4', 'The Punisher Part 4', 'COMBAT', NULL, 'The Punisher Part 4 是 商人 任务线中的常见节点。建议提前确认交付物、钥匙、出生点和撤离方向，并把路线拆成可复盘的小步骤。', '经验、商人声望、卢布或后续购买权限', '后续任务链、商人等级或配方解锁', 'ENABLED'),
  (1022, 1, 'The Punisher Part 5', 'The Punisher Part 5', 'COMBAT', NULL, 'The Punisher Part 5 是 商人 任务线中的常见节点。建议提前确认交付物、钥匙、出生点和撤离方向，并把路线拆成可复盘的小步骤。', '经验、商人声望、卢布或后续购买权限', '后续任务链、商人等级或配方解锁', 'ENABLED'),
  (1023, 1, 'The Punisher Part 6', 'The Punisher Part 6', 'COMBAT', NULL, 'The Punisher Part 6 是 商人 任务线中的常见节点。建议提前确认交付物、钥匙、出生点和撤离方向，并把路线拆成可复盘的小步骤。', '经验、商人声望、卢布或后续购买权限', '后续任务链、商人等级或配方解锁', 'ENABLED'),
  (1024, 1, 'Sanitary Standards Part 1', 'Sanitary Standards Part 1', 'ROUTE', NULL, 'Sanitary Standards Part 1 是 商人 任务线中的常见节点。建议提前确认交付物、钥匙、出生点和撤离方向，并把路线拆成可复盘的小步骤。', '经验、商人声望、卢布或后续购买权限', '后续任务链、商人等级或配方解锁', 'ENABLED'),
  (1025, 1, 'Sanitary Standards Part 2', 'Sanitary Standards Part 2', 'ROUTE', NULL, 'Sanitary Standards Part 2 是 商人 任务线中的常见节点。建议提前确认交付物、钥匙、出生点和撤离方向，并把路线拆成可复盘的小步骤。', '经验、商人声望、卢布或后续购买权限', '后续任务链、商人等级或配方解锁', 'ENABLED'),
  (1026, 2, 'Painkiller', 'Painkiller', 'ROUTE', NULL, 'Painkiller 是 Therapist 任务线中的常见节点。建议提前确认交付物、钥匙、出生点和撤离方向，并把路线拆成可复盘的小步骤。', '经验、商人声望、卢布或后续购买权限', '后续任务链、商人等级或配方解锁', 'ENABLED'),
  (1027, 2, 'Pharmacist', 'Pharmacist', 'ROUTE', 1, 'Pharmacist 是 Therapist 任务线中的常见节点。建议提前确认交付物、钥匙、出生点和撤离方向，并把路线拆成可复盘的小步骤。', '经验、商人声望、卢布或后续购买权限', '后续任务链、商人等级或配方解锁', 'ENABLED'),
  (1028, 2, 'Supply Plans', 'Supply Plans', 'ROUTE', 3, 'Supply Plans 是 Therapist 任务线中的常见节点。建议提前确认交付物、钥匙、出生点和撤离方向，并把路线拆成可复盘的小步骤。', '经验、商人声望、卢布或后续购买权限', '后续任务链、商人等级或配方解锁', 'ENABLED'),
  (1029, 2, 'Car Repair', 'Car Repair', 'ROUTE', NULL, 'Car Repair 是 Therapist 任务线中的常见节点。建议提前确认交付物、钥匙、出生点和撤离方向，并把路线拆成可复盘的小步骤。', '经验、商人声望、卢布或后续购买权限', '后续任务链、商人等级或配方解锁', 'ENABLED'),
  (1030, 1, 'Health Care Privacy Part 1', 'Health Care Privacy Part 1', 'TASK_CHAIN', NULL, 'Health Care Privacy Part 1 是 商人 任务线中的常见节点。建议提前确认交付物、钥匙、出生点和撤离方向，并把路线拆成可复盘的小步骤。', '经验、商人声望、卢布或后续购买权限', '后续任务链、商人等级或配方解锁', 'ENABLED'),
  (1031, 1, 'Health Care Privacy Part 2', 'Health Care Privacy Part 2', 'TASK_CHAIN', NULL, 'Health Care Privacy Part 2 是 商人 任务线中的常见节点。建议提前确认交付物、钥匙、出生点和撤离方向，并把路线拆成可复盘的小步骤。', '经验、商人声望、卢布或后续购买权限', '后续任务链、商人等级或配方解锁', 'ENABLED'),
  (1032, 1, 'Health Care Privacy Part 3', 'Health Care Privacy Part 3', 'TASK_CHAIN', NULL, 'Health Care Privacy Part 3 是 商人 任务线中的常见节点。建议提前确认交付物、钥匙、出生点和撤离方向，并把路线拆成可复盘的小步骤。', '经验、商人声望、卢布或后续购买权限', '后续任务链、商人等级或配方解锁', 'ENABLED'),
  (1033, 1, 'Health Care Privacy Part 4', 'Health Care Privacy Part 4', 'TASK_CHAIN', NULL, 'Health Care Privacy Part 4 是 商人 任务线中的常见节点。建议提前确认交付物、钥匙、出生点和撤离方向，并把路线拆成可复盘的小步骤。', '经验、商人声望、卢布或后续购买权限', '后续任务链、商人等级或配方解锁', 'ENABLED'),
  (1034, 1, 'Health Care Privacy Part 5', 'Health Care Privacy Part 5', 'TASK_CHAIN', NULL, 'Health Care Privacy Part 5 是 商人 任务线中的常见节点。建议提前确认交付物、钥匙、出生点和撤离方向，并把路线拆成可复盘的小步骤。', '经验、商人声望、卢布或后续购买权限', '后续任务链、商人等级或配方解锁', 'ENABLED'),
  (1035, 2, 'Private Clinic', 'Private Clinic', 'ROUTE', NULL, 'Private Clinic 是 Therapist 任务线中的常见节点。建议提前确认交付物、钥匙、出生点和撤离方向，并把路线拆成可复盘的小步骤。', '经验、商人声望、卢布或后续购买权限', '后续任务链、商人等级或配方解锁', 'ENABLED'),
  (1036, 1, 'Colleagues Part 2', 'Colleagues Part 2', 'TASK_CHAIN', NULL, 'Colleagues Part 2 是 商人 任务线中的常见节点。建议提前确认交付物、钥匙、出生点和撤离方向，并把路线拆成可复盘的小步骤。', '经验、商人声望、卢布或后续购买权限', '后续任务链、商人等级或配方解锁', 'ENABLED'),
  (1037, 1, 'Colleagues Part 3', 'Colleagues Part 3', 'TASK_CHAIN', NULL, 'Colleagues Part 3 是 商人 任务线中的常见节点。建议提前确认交付物、钥匙、出生点和撤离方向，并把路线拆成可复盘的小步骤。', '经验、商人声望、卢布或后续购买权限', '后续任务链、商人等级或配方解锁', 'ENABLED'),
  (1038, 3, 'The Extortionist', 'The Extortionist', 'ROUTE', 1, 'The Extortionist 是 Skier 任务线中的常见节点。建议提前确认交付物、钥匙、出生点和撤离方向，并把路线拆成可复盘的小步骤。', '经验、商人声望、卢布或后续购买权限', '后续任务链、商人等级或配方解锁', 'ENABLED'),
  (1039, 3, 'Stirrup', 'Stirrup', 'COMBAT', NULL, 'Stirrup 是 Skier 任务线中的常见节点。建议提前确认交付物、钥匙、出生点和撤离方向，并把路线拆成可复盘的小步骤。', '经验、商人声望、卢布或后续购买权限', '后续任务链、商人等级或配方解锁', 'ENABLED'),
  (1040, 1, 'What''s on the Flash Drive?', 'What''s on the Flash Drive?', 'ROUTE', NULL, 'What''s on the Flash Drive? 是 商人 任务线中的常见节点。建议提前确认交付物、钥匙、出生点和撤离方向，并把路线拆成可复盘的小步骤。', '经验、商人声望、卢布或后续购买权限', '后续任务链、商人等级或配方解锁', 'ENABLED'),
  (1041, 3, 'Golden Swag', 'Golden Swag', 'ROUTE', 1, 'Golden Swag 是 Skier 任务线中的常见节点。建议提前确认交付物、钥匙、出生点和撤离方向，并把路线拆成可复盘的小步骤。', '经验、商人声望、卢布或后续购买权限', '后续任务链、商人等级或配方解锁', 'ENABLED'),
  (1042, 1, 'Chemical Part 1', 'Chemical Part 1', 'TASK_CHAIN', NULL, 'Chemical Part 1 是 商人 任务线中的常见节点。建议提前确认交付物、钥匙、出生点和撤离方向，并把路线拆成可复盘的小步骤。', '经验、商人声望、卢布或后续购买权限', '后续任务链、商人等级或配方解锁', 'ENABLED'),
  (1043, 1, 'Chemical Part 2', 'Chemical Part 2', 'TASK_CHAIN', NULL, 'Chemical Part 2 是 商人 任务线中的常见节点。建议提前确认交付物、钥匙、出生点和撤离方向，并把路线拆成可复盘的小步骤。', '经验、商人声望、卢布或后续购买权限', '后续任务链、商人等级或配方解锁', 'ENABLED'),
  (1044, 1, 'Chemical Part 3', 'Chemical Part 3', 'TASK_CHAIN', NULL, 'Chemical Part 3 是 商人 任务线中的常见节点。建议提前确认交付物、钥匙、出生点和撤离方向，并把路线拆成可复盘的小步骤。', '经验、商人声望、卢布或后续购买权限', '后续任务链、商人等级或配方解锁', 'ENABLED'),
  (1045, 1, 'Chemical Part 4', 'Chemical Part 4', 'TASK_CHAIN', NULL, 'Chemical Part 4 是 商人 任务线中的常见节点。建议提前确认交付物、钥匙、出生点和撤离方向，并把路线拆成可复盘的小步骤。', '经验、商人声望、卢布或后续购买权限', '后续任务链、商人等级或配方解锁', 'ENABLED'),
  (1046, 1, 'Vitamins Part 1', 'Vitamins Part 1', 'ROUTE', NULL, 'Vitamins Part 1 是 商人 任务线中的常见节点。建议提前确认交付物、钥匙、出生点和撤离方向，并把路线拆成可复盘的小步骤。', '经验、商人声望、卢布或后续购买权限', '后续任务链、商人等级或配方解锁', 'ENABLED'),
  (1047, 1, 'Vitamins Part 2', 'Vitamins Part 2', 'ROUTE', NULL, 'Vitamins Part 2 是 商人 任务线中的常见节点。建议提前确认交付物、钥匙、出生点和撤离方向，并把路线拆成可复盘的小步骤。', '经验、商人声望、卢布或后续购买权限', '后续任务链、商人等级或配方解锁', 'ENABLED'),
  (1048, 3, 'Informed Means Armed', 'Informed Means Armed', 'ROUTE', NULL, 'Informed Means Armed 是 Skier 任务线中的常见节点。建议提前确认交付物、钥匙、出生点和撤离方向，并把路线拆成可复盘的小步骤。', '经验、商人声望、卢布或后续购买权限', '后续任务链、商人等级或配方解锁', 'ENABLED'),
  (1049, 3, 'Chumming', 'Chumming', 'ROUTE', NULL, 'Chumming 是 Skier 任务线中的常见节点。建议提前确认交付物、钥匙、出生点和撤离方向，并把路线拆成可复盘的小步骤。', '经验、商人声望、卢布或后续购买权限', '后续任务链、商人等级或配方解锁', 'ENABLED'),
  (1050, 3, 'Bullshit', 'Bullshit', 'ROUTE', 1, 'Bullshit 是 Skier 任务线中的常见节点。建议提前确认交付物、钥匙、出生点和撤离方向，并把路线拆成可复盘的小步骤。', '经验、商人声望、卢布或后续购买权限', '后续任务链、商人等级或配方解锁', 'ENABLED'),
  (1051, 4, 'Gunsmith Part 2', 'Gunsmith Part 2', 'WEAPON_BUILD', NULL, 'Gunsmith Part 2 是 Mechanic 任务线中的常见节点。建议提前确认交付物、钥匙、出生点和撤离方向，并把路线拆成可复盘的小步骤。', '经验、商人声望、卢布或后续购买权限', '后续任务链、商人等级或配方解锁', 'ENABLED'),
  (1052, 4, 'Gunsmith Part 3', 'Gunsmith Part 3', 'WEAPON_BUILD', NULL, 'Gunsmith Part 3 是 Mechanic 任务线中的常见节点。建议提前确认交付物、钥匙、出生点和撤离方向，并把路线拆成可复盘的小步骤。', '经验、商人声望、卢布或后续购买权限', '后续任务链、商人等级或配方解锁', 'ENABLED'),
  (1053, 4, 'Gunsmith Part 4', 'Gunsmith Part 4', 'WEAPON_BUILD', NULL, 'Gunsmith Part 4 是 Mechanic 任务线中的常见节点。建议提前确认交付物、钥匙、出生点和撤离方向，并把路线拆成可复盘的小步骤。', '经验、商人声望、卢布或后续购买权限', '后续任务链、商人等级或配方解锁', 'ENABLED'),
  (1054, 4, 'Gunsmith Part 5', 'Gunsmith Part 5', 'WEAPON_BUILD', NULL, 'Gunsmith Part 5 是 Mechanic 任务线中的常见节点。建议提前确认交付物、钥匙、出生点和撤离方向，并把路线拆成可复盘的小步骤。', '经验、商人声望、卢布或后续购买权限', '后续任务链、商人等级或配方解锁', 'ENABLED'),
  (1055, 4, 'Gunsmith Part 6', 'Gunsmith Part 6', 'WEAPON_BUILD', NULL, 'Gunsmith Part 6 是 Mechanic 任务线中的常见节点。建议提前确认交付物、钥匙、出生点和撤离方向，并把路线拆成可复盘的小步骤。', '经验、商人声望、卢布或后续购买权限', '后续任务链、商人等级或配方解锁', 'ENABLED'),
  (1056, 4, 'Gunsmith Part 7', 'Gunsmith Part 7', 'WEAPON_BUILD', NULL, 'Gunsmith Part 7 是 Mechanic 任务线中的常见节点。建议提前确认交付物、钥匙、出生点和撤离方向，并把路线拆成可复盘的小步骤。', '经验、商人声望、卢布或后续购买权限', '后续任务链、商人等级或配方解锁', 'ENABLED'),
  (1057, 4, 'Gunsmith Part 8', 'Gunsmith Part 8', 'WEAPON_BUILD', NULL, 'Gunsmith Part 8 是 Mechanic 任务线中的常见节点。建议提前确认交付物、钥匙、出生点和撤离方向，并把路线拆成可复盘的小步骤。', '经验、商人声望、卢布或后续购买权限', '后续任务链、商人等级或配方解锁', 'ENABLED'),
  (1058, 4, 'Gunsmith Part 9', 'Gunsmith Part 9', 'WEAPON_BUILD', NULL, 'Gunsmith Part 9 是 Mechanic 任务线中的常见节点。建议提前确认交付物、钥匙、出生点和撤离方向，并把路线拆成可复盘的小步骤。', '经验、商人声望、卢布或后续购买权限', '后续任务链、商人等级或配方解锁', 'ENABLED'),
  (1059, 4, 'Gunsmith Part 10', 'Gunsmith Part 10', 'WEAPON_BUILD', NULL, 'Gunsmith Part 10 是 Mechanic 任务线中的常见节点。建议提前确认交付物、钥匙、出生点和撤离方向，并把路线拆成可复盘的小步骤。', '经验、商人声望、卢布或后续购买权限', '后续任务链、商人等级或配方解锁', 'ENABLED'),
  (1060, 4, 'Signal Part 1', 'Signal Part 1', 'TASK_CHAIN', NULL, 'Signal Part 1 是 Mechanic 任务线中的常见节点。建议提前确认交付物、钥匙、出生点和撤离方向，并把路线拆成可复盘的小步骤。', '经验、商人声望、卢布或后续购买权限', '后续任务链、商人等级或配方解锁', 'ENABLED'),
  (1061, 4, 'Signal Part 2', 'Signal Part 2', 'TASK_CHAIN', NULL, 'Signal Part 2 是 Mechanic 任务线中的常见节点。建议提前确认交付物、钥匙、出生点和撤离方向，并把路线拆成可复盘的小步骤。', '经验、商人声望、卢布或后续购买权限', '后续任务链、商人等级或配方解锁', 'ENABLED'),
  (1062, 4, 'Signal Part 3', 'Signal Part 3', 'TASK_CHAIN', NULL, 'Signal Part 3 是 Mechanic 任务线中的常见节点。建议提前确认交付物、钥匙、出生点和撤离方向，并把路线拆成可复盘的小步骤。', '经验、商人声望、卢布或后续购买权限', '后续任务链、商人等级或配方解锁', 'ENABLED'),
  (1063, 4, 'Signal Part 4', 'Signal Part 4', 'TASK_CHAIN', NULL, 'Signal Part 4 是 Mechanic 任务线中的常见节点。建议提前确认交付物、钥匙、出生点和撤离方向，并把路线拆成可复盘的小步骤。', '经验、商人声望、卢布或后续购买权限', '后续任务链、商人等级或配方解锁', 'ENABLED'),
  (1064, 4, 'Farming Part 3', 'Farming Part 3', 'TASK_CHAIN', NULL, 'Farming Part 3 是 Mechanic 任务线中的常见节点。建议提前确认交付物、钥匙、出生点和撤离方向，并把路线拆成可复盘的小步骤。', '经验、商人声望、卢布或后续购买权限', '后续任务链、商人等级或配方解锁', 'ENABLED'),
  (1065, 4, 'Farming Part 4', 'Farming Part 4', 'TASK_CHAIN', NULL, 'Farming Part 4 是 Mechanic 任务线中的常见节点。建议提前确认交付物、钥匙、出生点和撤离方向，并把路线拆成可复盘的小步骤。', '经验、商人声望、卢布或后续购买权限', '后续任务链、商人等级或配方解锁', 'ENABLED'),
  (1066, 5, 'Make ULTRA Great Again', 'Make ULTRA Great Again', 'ROUTE', 7, 'Make ULTRA Great Again 是 Ragman 任务线中的常见节点。建议提前确认交付物、钥匙、出生点和撤离方向，并把路线拆成可复盘的小步骤。', '经验、商人声望、卢布或后续购买权限', '后续任务链、商人等级或配方解锁', 'ENABLED'),
  (1067, 5, 'Sales Night', 'Sales Night', 'ROUTE', 7, 'Sales Night 是 Ragman 任务线中的常见节点。建议提前确认交付物、钥匙、出生点和撤离方向，并把路线拆成可复盘的小步骤。', '经验、商人声望、卢布或后续购买权限', '后续任务链、商人等级或配方解锁', 'ENABLED'),
  (1068, 1, 'Database Part 1', 'Database Part 1', 'TASK_CHAIN', NULL, 'Database Part 1 是 商人 任务线中的常见节点。建议提前确认交付物、钥匙、出生点和撤离方向，并把路线拆成可复盘的小步骤。', '经验、商人声望、卢布或后续购买权限', '后续任务链、商人等级或配方解锁', 'ENABLED'),
  (1069, 1, 'Database Part 2', 'Database Part 2', 'TASK_CHAIN', NULL, 'Database Part 2 是 商人 任务线中的常见节点。建议提前确认交付物、钥匙、出生点和撤离方向，并把路线拆成可复盘的小步骤。', '经验、商人声望、卢布或后续购买权限', '后续任务链、商人等级或配方解锁', 'ENABLED'),
  (1070, 5, 'Minibus', 'Minibus', 'MARKING', 7, 'Minibus 是 Ragman 任务线中的常见节点。建议提前确认交付物、钥匙、出生点和撤离方向，并把路线拆成可复盘的小步骤。', '经验、商人声望、卢布或后续购买权限', '后续任务链、商人等级或配方解锁', 'ENABLED'),
  (1071, 1, 'Sew it Good Part 1', 'Sew it Good Part 1', 'ROUTE', NULL, 'Sew it Good Part 1 是 商人 任务线中的常见节点。建议提前确认交付物、钥匙、出生点和撤离方向，并把路线拆成可复盘的小步骤。', '经验、商人声望、卢布或后续购买权限', '后续任务链、商人等级或配方解锁', 'ENABLED'),
  (1072, 1, 'Sew it Good Part 2', 'Sew it Good Part 2', 'ROUTE', NULL, 'Sew it Good Part 2 是 商人 任务线中的常见节点。建议提前确认交付物、钥匙、出生点和撤离方向，并把路线拆成可复盘的小步骤。', '经验、商人声望、卢布或后续购买权限', '后续任务链、商人等级或配方解锁', 'ENABLED'),
  (1073, 1, 'Sew it Good Part 3', 'Sew it Good Part 3', 'ROUTE', NULL, 'Sew it Good Part 3 是 商人 任务线中的常见节点。建议提前确认交付物、钥匙、出生点和撤离方向，并把路线拆成可复盘的小步骤。', '经验、商人声望、卢布或后续购买权限', '后续任务链、商人等级或配方解锁', 'ENABLED'),
  (1074, 1, 'Sew it Good Part 4', 'Sew it Good Part 4', 'ROUTE', NULL, 'Sew it Good Part 4 是 商人 任务线中的常见节点。建议提前确认交付物、钥匙、出生点和撤离方向，并把路线拆成可复盘的小步骤。', '经验、商人声望、卢布或后续购买权限', '后续任务链、商人等级或配方解锁', 'ENABLED'),
  (1075, 1, 'The Blood of War Part 1', 'The Blood of War Part 1', 'ROUTE', NULL, 'The Blood of War Part 1 是 商人 任务线中的常见节点。建议提前确认交付物、钥匙、出生点和撤离方向，并把路线拆成可复盘的小步骤。', '经验、商人声望、卢布或后续购买权限', '后续任务链、商人等级或配方解锁', 'ENABLED'),
  (1076, 1, 'The Blood of War Part 2', 'The Blood of War Part 2', 'ROUTE', NULL, 'The Blood of War Part 2 是 商人 任务线中的常见节点。建议提前确认交付物、钥匙、出生点和撤离方向，并把路线拆成可复盘的小步骤。', '经验、商人声望、卢布或后续购买权限', '后续任务链、商人等级或配方解锁', 'ENABLED'),
  (1077, 1, 'The Blood of War Part 3', 'The Blood of War Part 3', 'ROUTE', NULL, 'The Blood of War Part 3 是 商人 任务线中的常见节点。建议提前确认交付物、钥匙、出生点和撤离方向，并把路线拆成可复盘的小步骤。', '经验、商人声望、卢布或后续购买权限', '后续任务链、商人等级或配方解锁', 'ENABLED'),
  (1078, 7, 'Fishing Gear', 'Fishing Gear', 'MARKING', 6, 'Fishing Gear 是 Peacekeeper 任务线中的常见节点。建议提前确认交付物、钥匙、出生点和撤离方向，并把路线拆成可复盘的小步骤。', '经验、商人声望、卢布或后续购买权限', '后续任务链、商人等级或配方解锁', 'ENABLED'),
  (1079, 7, 'Tigr Safari', 'Tigr Safari', 'MARKING', 1, 'Tigr Safari 是 Peacekeeper 任务线中的常见节点。建议提前确认交付物、钥匙、出生点和撤离方向，并把路线拆成可复盘的小步骤。', '经验、商人声望、卢布或后续购买权限', '后续任务链、商人等级或配方解锁', 'ENABLED'),
  (1080, 7, 'Scrap Metal', 'Scrap Metal', 'ROUTE', 6, 'Scrap Metal 是 Peacekeeper 任务线中的常见节点。建议提前确认交付物、钥匙、出生点和撤离方向，并把路线拆成可复盘的小步骤。', '经验、商人声望、卢布或后续购买权限', '后续任务链、商人等级或配方解锁', 'ENABLED'),
  (1081, 7, 'Eagle Eye', 'Eagle Eye', 'MARKING', 6, 'Eagle Eye 是 Peacekeeper 任务线中的常见节点。建议提前确认交付物、钥匙、出生点和撤离方向，并把路线拆成可复盘的小步骤。', '经验、商人声望、卢布或后续购买权限', '后续任务链、商人等级或配方解锁', 'ENABLED'),
  (1082, 7, 'Humanitarian Supplies', 'Humanitarian Supplies', 'ROUTE', 6, 'Humanitarian Supplies 是 Peacekeeper 任务线中的常见节点。建议提前确认交付物、钥匙、出生点和撤离方向，并把路线拆成可复盘的小步骤。', '经验、商人声望、卢布或后续购买权限', '后续任务链、商人等级或配方解锁', 'ENABLED'),
  (1083, 1, 'Spa Tour Part 1', 'Spa Tour Part 1', 'TASK_CHAIN', NULL, 'Spa Tour Part 1 是 商人 任务线中的常见节点。建议提前确认交付物、钥匙、出生点和撤离方向，并把路线拆成可复盘的小步骤。', '经验、商人声望、卢布或后续购买权限', '后续任务链、商人等级或配方解锁', 'ENABLED'),
  (1084, 1, 'Spa Tour Part 2', 'Spa Tour Part 2', 'TASK_CHAIN', NULL, 'Spa Tour Part 2 是 商人 任务线中的常见节点。建议提前确认交付物、钥匙、出生点和撤离方向，并把路线拆成可复盘的小步骤。', '经验、商人声望、卢布或后续购买权限', '后续任务链、商人等级或配方解锁', 'ENABLED'),
  (1085, 1, 'Spa Tour Part 3', 'Spa Tour Part 3', 'TASK_CHAIN', NULL, 'Spa Tour Part 3 是 商人 任务线中的常见节点。建议提前确认交付物、钥匙、出生点和撤离方向，并把路线拆成可复盘的小步骤。', '经验、商人声望、卢布或后续购买权限', '后续任务链、商人等级或配方解锁', 'ENABLED'),
  (1086, 1, 'Spa Tour Part 4', 'Spa Tour Part 4', 'TASK_CHAIN', NULL, 'Spa Tour Part 4 是 商人 任务线中的常见节点。建议提前确认交付物、钥匙、出生点和撤离方向，并把路线拆成可复盘的小步骤。', '经验、商人声望、卢布或后续购买权限', '后续任务链、商人等级或配方解锁', 'ENABLED'),
  (1087, 1, 'Spa Tour Part 5', 'Spa Tour Part 5', 'TASK_CHAIN', NULL, 'Spa Tour Part 5 是 商人 任务线中的常见节点。建议提前确认交付物、钥匙、出生点和撤离方向，并把路线拆成可复盘的小步骤。', '经验、商人声望、卢布或后续购买权限', '后续任务链、商人等级或配方解锁', 'ENABLED'),
  (1088, 1, 'Cargo X Part 1', 'Cargo X Part 1', 'TASK_CHAIN', NULL, 'Cargo X Part 1 是 商人 任务线中的常见节点。建议提前确认交付物、钥匙、出生点和撤离方向，并把路线拆成可复盘的小步骤。', '经验、商人声望、卢布或后续购买权限', '后续任务链、商人等级或配方解锁', 'ENABLED'),
  (1089, 1, 'Cargo X Part 2', 'Cargo X Part 2', 'TASK_CHAIN', NULL, 'Cargo X Part 2 是 商人 任务线中的常见节点。建议提前确认交付物、钥匙、出生点和撤离方向，并把路线拆成可复盘的小步骤。', '经验、商人声望、卢布或后续购买权限', '后续任务链、商人等级或配方解锁', 'ENABLED'),
  (1090, 1, 'Cargo X Part 3', 'Cargo X Part 3', 'TASK_CHAIN', NULL, 'Cargo X Part 3 是 商人 任务线中的常见节点。建议提前确认交付物、钥匙、出生点和撤离方向，并把路线拆成可复盘的小步骤。', '经验、商人声望、卢布或后续购买权限', '后续任务链、商人等级或配方解锁', 'ENABLED'),
  (1091, 1, 'Wet Job Part 1', 'Wet Job Part 1', 'ROUTE', NULL, 'Wet Job Part 1 是 商人 任务线中的常见节点。建议提前确认交付物、钥匙、出生点和撤离方向，并把路线拆成可复盘的小步骤。', '经验、商人声望、卢布或后续购买权限', '后续任务链、商人等级或配方解锁', 'ENABLED'),
  (1092, 1, 'Wet Job Part 2', 'Wet Job Part 2', 'ROUTE', NULL, 'Wet Job Part 2 是 商人 任务线中的常见节点。建议提前确认交付物、钥匙、出生点和撤离方向，并把路线拆成可复盘的小步骤。', '经验、商人声望、卢布或后续购买权限', '后续任务链、商人等级或配方解锁', 'ENABLED'),
  (1093, 8, 'Acquaintance', 'Acquaintance', 'ROUTE', NULL, 'Acquaintance 是 Jaeger 任务线中的常见节点。建议提前确认交付物、钥匙、出生点和撤离方向，并把路线拆成可复盘的小步骤。', '经验、商人声望、卢布或后续购买权限', '后续任务链、商人等级或配方解锁', 'ENABLED'),
  (1094, 8, 'The Survivalist Path - Unprotected but Dangerous', 'The Survivalist Path - Unprotected but Dangerous', 'ROUTE', 3, 'The Survivalist Path - Unprotected but Dangerous 是 Jaeger 任务线中的常见节点。建议提前确认交付物、钥匙、出生点和撤离方向，并把路线拆成可复盘的小步骤。', '经验、商人声望、卢布或后续购买权限', '后续任务链、商人等级或配方解锁', 'ENABLED'),
  (1095, 8, 'The Survivalist Path - Thrifty', 'The Survivalist Path - Thrifty', 'ROUTE', 3, 'The Survivalist Path - Thrifty 是 Jaeger 任务线中的常见节点。建议提前确认交付物、钥匙、出生点和撤离方向，并把路线拆成可复盘的小步骤。', '经验、商人声望、卢布或后续购买权限', '后续任务链、商人等级或配方解锁', 'ENABLED'),
  (1096, 8, 'The Survivalist Path - Zhivchik', 'The Survivalist Path - Zhivchik', 'ROUTE', NULL, 'The Survivalist Path - Zhivchik 是 Jaeger 任务线中的常见节点。建议提前确认交付物、钥匙、出生点和撤离方向，并把路线拆成可复盘的小步骤。', '经验、商人声望、卢布或后续购买权限', '后续任务链、商人等级或配方解锁', 'ENABLED'),
  (1097, 8, 'The Survivalist Path - Wounded Beast', 'The Survivalist Path - Wounded Beast', 'ROUTE', NULL, 'The Survivalist Path - Wounded Beast 是 Jaeger 任务线中的常见节点。建议提前确认交付物、钥匙、出生点和撤离方向，并把路线拆成可复盘的小步骤。', '经验、商人声望、卢布或后续购买权限', '后续任务链、商人等级或配方解锁', 'ENABLED'),
  (1098, 8, 'The Survivalist Path - Tough Guy', 'The Survivalist Path - Tough Guy', 'ROUTE', 3, 'The Survivalist Path - Tough Guy 是 Jaeger 任务线中的常见节点。建议提前确认交付物、钥匙、出生点和撤离方向，并把路线拆成可复盘的小步骤。', '经验、商人声望、卢布或后续购买权限', '后续任务链、商人等级或配方解锁', 'ENABLED'),
  (1099, 8, 'The Tarkov Shooter Part 3', 'The Tarkov Shooter Part 3', 'COMBAT', NULL, 'The Tarkov Shooter Part 3 是 Jaeger 任务线中的常见节点。建议提前确认交付物、钥匙、出生点和撤离方向，并把路线拆成可复盘的小步骤。', '经验、商人声望、卢布或后续购买权限', '后续任务链、商人等级或配方解锁', 'ENABLED'),
  (1100, 8, 'The Tarkov Shooter Part 4', 'The Tarkov Shooter Part 4', 'COMBAT', NULL, 'The Tarkov Shooter Part 4 是 Jaeger 任务线中的常见节点。建议提前确认交付物、钥匙、出生点和撤离方向，并把路线拆成可复盘的小步骤。', '经验、商人声望、卢布或后续购买权限', '后续任务链、商人等级或配方解锁', 'ENABLED'),
  (1101, 8, 'The Tarkov Shooter Part 5', 'The Tarkov Shooter Part 5', 'COMBAT', NULL, 'The Tarkov Shooter Part 5 是 Jaeger 任务线中的常见节点。建议提前确认交付物、钥匙、出生点和撤离方向，并把路线拆成可复盘的小步骤。', '经验、商人声望、卢布或后续购买权限', '后续任务链、商人等级或配方解锁', 'ENABLED'),
  (1102, 8, 'The Tarkov Shooter Part 6', 'The Tarkov Shooter Part 6', 'COMBAT', NULL, 'The Tarkov Shooter Part 6 是 Jaeger 任务线中的常见节点。建议提前确认交付物、钥匙、出生点和撤离方向，并把路线拆成可复盘的小步骤。', '经验、商人声望、卢布或后续购买权限', '后续任务链、商人等级或配方解锁', 'ENABLED'),
  (1103, 8, 'The Tarkov Shooter Part 7', 'The Tarkov Shooter Part 7', 'COMBAT', NULL, 'The Tarkov Shooter Part 7 是 Jaeger 任务线中的常见节点。建议提前确认交付物、钥匙、出生点和撤离方向，并把路线拆成可复盘的小步骤。', '经验、商人声望、卢布或后续购买权限', '后续任务链、商人等级或配方解锁', 'ENABLED'),
  (1104, 8, 'The Tarkov Shooter Part 8', 'The Tarkov Shooter Part 8', 'COMBAT', NULL, 'The Tarkov Shooter Part 8 是 Jaeger 任务线中的常见节点。建议提前确认交付物、钥匙、出生点和撤离方向，并把路线拆成可复盘的小步骤。', '经验、商人声望、卢布或后续购买权限', '后续任务链、商人等级或配方解锁', 'ENABLED'),
  (1105, 9, 'Information Source', 'Information Source', 'ROUTE', NULL, 'Information Source 是 Lightkeeper 任务线中的常见节点。建议提前确认交付物、钥匙、出生点和撤离方向，并把路线拆成可复盘的小步骤。', '经验、商人声望、卢布或后续购买权限', '后续任务链、商人等级或配方解锁', 'ENABLED'),
  (1106, 1, 'Easy Money Part 1', 'Easy Money Part 1', 'ROUTE', NULL, 'Easy Money Part 1 是 商人 任务线中的常见节点。建议提前确认交付物、钥匙、出生点和撤离方向，并把路线拆成可复盘的小步骤。', '经验、商人声望、卢布或后续购买权限', '后续任务链、商人等级或配方解锁', 'ENABLED'),
  (1107, 6, 'The Choice', 'The Choice', 'ROUTE', NULL, 'The Choice 是 Fence 任务线中的常见节点。建议提前确认交付物、钥匙、出生点和撤离方向，并把路线拆成可复盘的小步骤。', '经验、商人声望、卢布或后续购买权限', '后续任务链、商人等级或配方解锁', 'ENABLED')
ON DUPLICATE KEY UPDATE trader_id = VALUES(trader_id), name_en = VALUES(name_en), name_zh = VALUES(name_zh), quest_type = VALUES(quest_type), map_id = VALUES(map_id), description = VALUES(description), rewards = VALUES(rewards), unlocks = VALUES(unlocks), status = VALUES(status);

INSERT INTO tarkov_item (id, name_en, name_zh, item_type, rarity, grid_size, quest_needed, hideout_needed, keep_suggestion, description, status)
VALUES
  (1001, 'CMS surgical kit', 'CMS 手术包', 'MEDICAL', 'UNCOMMON', '2x1', 1, 0, 1, '黑肢修复常用物资，适合任务路线和中后期撤离前自救。', 'ENABLED'),
  (1002, 'Surv12 field surgical kit', 'Surv12 野战手术包', 'MEDICAL', 'RARE', '3x1', 1, 0, 1, '耐久更高的手术包，适合长线跑图和高风险队伍推进。', 'ENABLED'),
  (1003, 'IFAK individual first aid kit', 'IFAK 急救包', 'MEDICAL', 'UNCOMMON', '1x1', 0, 1, 1, '常用急救物资，早期任务和藏身处材料都可能用到。', 'ENABLED'),
  (1004, 'AFAK tactical individual first aid kit', 'AFAK 战术急救包', 'MEDICAL', 'RARE', '1x1', 0, 1, 1, '高效治疗物资，适合中后期常规随身携带。', 'ENABLED'),
  (1005, 'Grizzly medical kit', 'Grizzly 医疗包', 'MEDICAL', 'RARE', '2x2', 0, 1, 1, '容量高但占格大，常用于藏身处恢复或低压局携带。', 'ENABLED'),
  (1006, 'Ibuprofen painkillers', '布洛芬止痛药', 'MEDICAL', 'UNCOMMON', '1x1', 0, 0, 1, '多次使用止痛药，适合长线任务和撤离保障。', 'ENABLED'),
  (1007, 'Golden Star balm', '金星膏', 'MEDICAL', 'RARE', '1x1', 0, 0, 1, '高价值止痛物资，适合安全箱携带。', 'ENABLED'),
  (1008, 'Propital regenerative stimulant injector', 'Propital 再生针', 'MEDICAL', 'RARE', '1x1', 0, 0, 1, '战斗后恢复和撤离续航常用针剂。', 'ENABLED'),
  (1009, 'eTG-change regenerative stimulant injector', 'eTG-change 再生针', 'MEDICAL', 'RARE', '1x1', 0, 0, 1, '快速恢复针剂，适合高风险交火后的撤离窗口。', 'ENABLED'),
  (1010, 'Zagustin hemostatic drug injector', 'Zagustin 止血针', 'MEDICAL', 'RARE', '1x1', 0, 0, 1, '处理流血压力的针剂，适合 Boss 区和多人交火后使用。', 'ENABLED'),
  (1011, 'SJ6 TGLabs combat stimulant injector', 'SJ6 耐力针', 'MEDICAL', 'RARE', '1x1', 0, 0, 1, '长距离撤离和负重转移常用针剂。', 'ENABLED'),
  (1012, 'LEDX Skin Transilluminator', 'LEDX 皮肤透照仪', 'MEDICAL', 'RARE', '1x1', 1, 1, 1, '高价值医疗物资，任务、藏身处和市场讨论都很常见。', 'ENABLED'),
  (1013, 'Ophthalmoscope', '眼底镜', 'MEDICAL', 'RARE', '1x1', 1, 1, 1, '医疗相关任务和藏身处升级常用稀有物品。', 'ENABLED'),
  (1014, 'Portable defibrillator', '便携式除颤仪', 'MEDICAL', 'RARE', '2x2', 1, 1, 1, '高价值医疗物资，适合列入保留清单。', 'ENABLED'),
  (1015, 'Virtex programmable processor', 'Virtex 可编程处理器', 'ELECTRONICS', 'RARE', '1x1', 1, 1, 1, '高价值电子物资，常见于 Lighthouse 和 Labs 讨论。', 'ENABLED'),
  (1016, 'VPX Flash Storage Module', 'VPX 闪存模块', 'ELECTRONICS', 'RARE', '1x1', 1, 1, 1, '高价值技术物资，适合保留到任务链明确后再处理。', 'ENABLED'),
  (1017, 'Military COFDM Wireless Signal Transmitter', '军用 COFDM 信号发射器', 'ELECTRONICS', 'RARE', '1x1', 1, 1, 1, '高价值通讯设备，适合情报中心和高风险跑图主题。', 'ENABLED'),
  (1018, 'Electronic components', '电子元件', 'ELECTRONICS', 'COMMON', '1x1', 0, 1, 1, '基础电子材料，藏身处多阶段升级都会消耗。', 'ENABLED'),
  (1019, 'Military circuit board', '军用电路板', 'ELECTRONICS', 'RARE', '1x1', 0, 1, 1, '军用技术材料，适合 Reserve 和 Lighthouse 跑商保留。', 'ENABLED'),
  (1020, 'Printed circuit board', '印刷电路板', 'ELECTRONICS', 'COMMON', '1x1', 0, 1, 1, '常见电子材料，早期升级不要随手卖光。', 'ENABLED'),
  (1021, 'Powerbank', '移动电源', 'ELECTRONICS', 'UNCOMMON', '1x1', 0, 1, 1, '技术材料，适合和电池、电线一起整理。', 'ENABLED'),
  (1022, 'SSD drive', 'SSD 固态硬盘', 'ELECTRONICS', 'UNCOMMON', '1x1', 0, 1, 1, '电子类高周转物资，适合市场和情报中心讨论。', 'ENABLED'),
  (1023, 'SAS drive', 'SAS 硬盘', 'ELECTRONICS', 'UNCOMMON', '1x1', 0, 1, 1, '电子类任务和藏身处材料，价格波动时可分批处理。', 'ENABLED'),
  (1024, 'Secure magnetic tape cassette', '加密磁带', 'ELECTRONICS', 'RARE', '1x1', 1, 1, 1, '高价值资料载体，适合 Labs 和 Lighthouse 路线保留。', 'ENABLED'),
  (1025, 'UHF RFID Reader', 'UHF RFID 读取器', 'ELECTRONICS', 'RARE', '1x1', 1, 1, 1, '高价值电子设备，常用于高风险资源点讨论。', 'ENABLED'),
  (1026, 'Signal Jammer', '信号干扰器', 'ELECTRONICS', 'RARE', '1x1', 1, 1, 1, '任务和技术路线相关物资，建议先保留。', 'ENABLED'),
  (1027, 'Rechargeable battery', '可充电电池', 'ELECTRONICS', 'COMMON', '1x1', 0, 1, 1, '常见但需求多，前期可集中保留。', 'ENABLED'),
  (1028, 'Phase control relay', '相控继电器', 'ELECTRONICS', 'UNCOMMON', '1x1', 0, 1, 1, '电力相关升级材料，Interchange 和 Reserve 常见。', 'ENABLED'),
  (1029, 'Power cord', '电源线', 'ELECTRONICS', 'COMMON', '2x1', 0, 1, 1, '基础电力材料，藏身处早期升级经常缺。', 'ENABLED'),
  (1030, 'Broken GPhone smartphone', '损坏的 GPhone', 'ELECTRONICS', 'UNCOMMON', '1x1', 1, 1, 1, '任务和电子材料常见目标，适合新手建立保留清单。', 'ENABLED'),
  (1031, 'GreenBat lithium battery', 'GreenBat 锂电池', 'ELECTRONICS', 'RARE', '1x1', 0, 1, 1, '高价值电池材料，适合藏身处和市场波动讨论。', 'ENABLED'),
  (1032, 'Military power filter', '军用电源滤波器', 'ELECTRONICS', 'RARE', '2x1', 0, 1, 1, '后期藏身处关键材料，常见于高风险路线。', 'ENABLED'),
  (1033, 'Electric drill', '电钻', 'TOOLS', 'UNCOMMON', '2x1', 0, 1, 1, '早中期升级常见材料，占格较大但值得保留。', 'ENABLED'),
  (1034, 'Toolset', '工具组', 'TOOLS', 'UNCOMMON', '2x2', 1, 1, 1, '任务和藏身处都会用到的工具材料。', 'ENABLED'),
  (1035, 'Pliers Elite', '精英钳', 'TOOLS', 'UNCOMMON', '1x1', 0, 1, 1, '工具类升级材料，适合与螺丝螺母一起整理。', 'ENABLED'),
  (1036, 'Round pliers', '圆嘴钳', 'TOOLS', 'COMMON', '1x1', 0, 1, 1, '常见工具材料，前期可保留少量。', 'ENABLED'),
  (1037, 'Nippers', '剪线钳', 'TOOLS', 'COMMON', '1x1', 0, 1, 1, '工具材料，常用于早期升级和制作。', 'ENABLED'),
  (1038, 'Flat screwdriver', '一字螺丝刀', 'TOOLS', 'COMMON', '1x1', 0, 1, 1, '常见工具物资，适合工具箱路线收集。', 'ENABLED'),
  (1039, 'Screwdriver', '螺丝刀', 'TOOLS', 'COMMON', '1x1', 0, 1, 1, '基础工具材料，低价时可保留。', 'ENABLED'),
  (1040, 'Ratchet wrench', '棘轮扳手', 'TOOLS', 'RARE', '1x1', 0, 1, 1, '较稀有工具材料，升级阶段别急着卖。', 'ENABLED'),
  (1041, 'Wrench', '扳手', 'TOOLS', 'COMMON', '1x1', 0, 1, 1, '基础工具材料，适合新手工具清单。', 'ENABLED'),
  (1042, 'Pack of nails', '一包钉子', 'TOOLS', 'COMMON', '1x1', 0, 1, 1, '建筑类基础材料，藏身处早期常缺。', 'ENABLED'),
  (1043, 'Pack of screws', '一包螺丝', 'TOOLS', 'COMMON', '1x1', 0, 1, 1, '建筑和制作常用材料，适合前期集中保留。', 'ENABLED'),
  (1044, 'Duct tape', '强力胶带', 'TOOLS', 'COMMON', '1x1', 0, 1, 1, '制作和升级常见消耗品。', 'ENABLED'),
  (1045, 'KEKTAPE duct tape', 'KEKTAPE 胶带', 'TOOLS', 'UNCOMMON', '1x1', 0, 1, 1, '较高价值胶带材料，适合任务和藏身处预留。', 'ENABLED'),
  (1046, 'Insulating tape', '绝缘胶带', 'TOOLS', 'COMMON', '1x1', 0, 1, 1, '基础胶带材料，常见但需求分散。', 'ENABLED'),
  (1047, 'Metal spare parts', '金属零件', 'TOOLS', 'COMMON', '1x1', 0, 1, 1, '维修和制作材料，后续升级需求稳定。', 'ENABLED'),
  (1048, 'Shustrilo sealing foam', 'Shustrilo 密封泡沫', 'TOOLS', 'UNCOMMON', '2x1', 0, 1, 1, '建筑类升级材料，占格较大但中期有用。', 'ENABLED'),
  (1049, 'Xenomorph sealing foam', 'Xenomorph 密封泡沫', 'TOOLS', 'UNCOMMON', '2x1', 0, 1, 1, '藏身处材料，Interchange 和工具箱路线常见。', 'ENABLED'),
  (1050, 'WD-40 100ml', 'WD-40 100ml', 'TOOLS', 'COMMON', '1x1', 0, 1, 1, '制作和升级常见润滑材料。', 'ENABLED'),
  (1051, 'FireKlean gun lube', 'FireKlean 枪油', 'TOOLS', 'RARE', '1x1', 1, 1, 1, '任务和枪械相关材料，建议优先保留。', 'ENABLED'),
  (1052, 'Fuel conditioner', '燃油添加剂', 'TOOLS', 'RARE', '1x1', 1, 1, 1, '任务和发电机相关材料，价值较高。', 'ENABLED'),
  (1053, 'Expeditionary fuel tank', '远征燃料桶', 'FUEL', 'UNCOMMON', '2x2', 0, 1, 1, '发电机常用燃料，占格大但藏身处价值高。', 'ENABLED'),
  (1054, 'Metal fuel tank', '金属燃料桶', 'FUEL', 'RARE', '3x2', 0, 1, 1, '发电机长时间供电材料，适合藏身处阶段保留。', 'ENABLED'),
  (1055, 'Propane tank', '丙烷罐', 'TOOLS', 'UNCOMMON', '2x2', 0, 1, 1, '藏身处和制作材料，占格较大需结合阶段保留。', 'ENABLED'),
  (1056, 'Water filter', '净水滤芯', 'TOOLS', 'RARE', '1x1', 0, 1, 1, '净水器升级和制作收益相关材料。', 'ENABLED'),
  (1057, 'Sugar', '糖', 'PROVISIONS', 'UNCOMMON', '1x1', 0, 1, 1, '酒精发酵器和市场讨论常见物资。', 'ENABLED'),
  (1058, 'Bronze lion figurine', '青铜狮', 'VALUABLE', 'RARE', '2x2', 1, 0, 1, '高价值贵重物品，适合任务和市场讨论。', 'ENABLED'),
  (1059, 'Horse figurine', '马雕像', 'VALUABLE', 'UNCOMMON', '1x1', 0, 0, 1, '贵重物品，价格低时可作为任务预留。', 'ENABLED'),
  (1060, 'Cat figurine', '猫雕像', 'VALUABLE', 'UNCOMMON', '1x1', 1, 0, 1, '任务和贵重品路线常见物资。', 'ENABLED'),
  (1061, 'Raven figurine', '乌鸦雕像', 'VALUABLE', 'UNCOMMON', '1x1', 0, 0, 1, '贵重品路线常见物资，适合保险箱点位讨论。', 'ENABLED'),
  (1062, 'Roler Submariner gold wrist watch', 'Roler 金表', 'VALUABLE', 'RARE', '1x1', 1, 0, 1, '高价值小件，适合安全箱和市场保留讨论。', 'ENABLED'),
  (1063, 'Golden neck chain', '金项链', 'VALUABLE', 'UNCOMMON', '1x1', 1, 0, 1, '任务和贵重物资，适合新手保留清单。', 'ENABLED'),
  (1064, 'Physical bitcoin', '实体比特币', 'VALUABLE', 'RARE', '1x1', 0, 1, 1, '高价值物资，与比特币矿场和市场价格关联明显。', 'ENABLED'),
  (1065, 'GP coin', 'GP 硬币', 'VALUABLE', 'UNCOMMON', '1x1', 0, 0, 1, '贵重货币类物品，可根据市场和兑换需求处理。', 'ENABLED'),
  (1066, 'Intelligence folder', '情报文件夹', 'INFO', 'RARE', '2x1', 1, 1, 1, '高价值信息物资，常用于 Scav Case 和任务讨论。', 'ENABLED'),
  (1067, 'Diary', '日记', 'INFO', 'UNCOMMON', '2x1', 0, 1, 1, '资料类物资，适合情报中心和市场路线。', 'ENABLED'),
  (1068, 'Slim diary', '薄日记', 'INFO', 'UNCOMMON', '2x1', 0, 1, 1, '资料类物资，价值波动时可分批处理。', 'ENABLED'),
  (1069, 'Dorm room 114 key', '宿舍 114 钥匙', 'KEY', 'UNCOMMON', '1x1', 1, 0, 1, '海关任务和保险箱路线常用钥匙。', 'ENABLED'),
  (1070, 'RB-ST key', 'RB-ST 钥匙', 'KEY', 'RARE', '1x1', 1, 0, 1, '储备站任务和载具区域常见高价值钥匙。', 'ENABLED'),
  (1071, 'Ultra medical storage key', 'Ultra 医疗储藏室钥匙', 'KEY', 'RARE', '1x1', 0, 0, 1, 'Interchange 高价值医疗路线核心钥匙。', 'ENABLED'),
  (1072, 'TerraGroup Labs access keycard', '实验室门禁卡', 'KEYCARD', 'RARE', '1x1', 0, 0, 1, '进入实验室所需门禁卡，风险和收益都很高。', 'ENABLED')
ON DUPLICATE KEY UPDATE name_en = VALUES(name_en), name_zh = VALUES(name_zh), item_type = VALUES(item_type), rarity = VALUES(rarity), grid_size = VALUES(grid_size), quest_needed = VALUES(quest_needed), hideout_needed = VALUES(hideout_needed), keep_suggestion = VALUES(keep_suggestion), description = VALUES(description), status = VALUES(status);

INSERT INTO tarkov_weapon (id, name_en, name_zh, weapon_type, caliber, description, image_url, status)
VALUES
  (1001, 'HK 416A5', 'HK 416A5', 'Assault rifle', '5.56x45mm', 'HK 416A5 属于 Assault rifle，使用 5.56x45mm。适合在配装讨论中对比预算、后坐控制、弹药成本和地图距离。', 'https://assets.tarkov.dev/5bb2475ed4351e00853264e3-512.webp', 'ENABLED'),
  (1002, 'RD-704', 'RD-704', 'Assault rifle', '7.62x39mm', 'RD-704 属于 Assault rifle，使用 7.62x39mm。适合在配装讨论中对比预算、后坐控制、弹药成本和地图距离。', 'https://assets.tarkov.dev/628a60ae6b1d481ff772e9c8-512.webp', 'ENABLED'),
  (1003, 'Mk47', 'Mk47', 'Assault rifle', '7.62x39mm', 'Mk47 属于 Assault rifle，使用 7.62x39mm。适合在配装讨论中对比预算、后坐控制、弹药成本和地图距离。', 'https://assets.tarkov.dev/606587252535c57a13424cfd-512.webp', 'ENABLED'),
  (1004, 'SA58', 'SA58', 'Assault rifle', '7.62x51mm', 'SA58 属于 Assault rifle，使用 7.62x51mm。适合在配装讨论中对比预算、后坐控制、弹药成本和地图距离。', 'https://assets.tarkov.dev/5b0bbe4e5acfc40dc528a72d-512.webp', 'ENABLED'),
  (1005, 'MDR 5.56', 'MDR 5.56', 'Assault rifle', '5.56x45mm', 'MDR 5.56 属于 Assault rifle，使用 5.56x45mm。适合在配装讨论中对比预算、后坐控制、弹药成本和地图距离。', 'https://assets.tarkov.dev/5c488a752e221602b412af63-512.webp', 'ENABLED'),
  (1006, 'MDR 7.62', 'MDR 7.62', 'Assault rifle', '7.62x51mm', 'MDR 7.62 属于 Assault rifle，使用 7.62x51mm。适合在配装讨论中对比预算、后坐控制、弹药成本和地图距离。', 'https://assets.tarkov.dev/5dcbd56fdbd3d91b3e5468d5-512.webp', 'ENABLED'),
  (1007, 'SR-25', 'SR-25', 'Marksman rifle', '7.62x51mm', 'SR-25 属于 Marksman rifle，使用 7.62x51mm。适合在配装讨论中对比预算、后坐控制、弹药成本和地图距离。', 'https://assets.tarkov.dev/5df8ce05b11454561e39243b-512.webp', 'ENABLED'),
  (1008, 'RSASS', 'RSASS', 'Marksman rifle', '7.62x51mm', 'RSASS 属于 Marksman rifle，使用 7.62x51mm。适合在配装讨论中对比预算、后坐控制、弹药成本和地图距离。', 'https://assets.tarkov.dev/5a367e5dc4a282000e49738f-512.webp', 'ENABLED'),
  (1009, 'SVDS', 'SVDS', 'Marksman rifle', '7.62x54R', 'SVDS 属于 Marksman rifle，使用 7.62x54R。适合在配装讨论中对比预算、后坐控制、弹药成本和地图距离。', 'https://assets.tarkov.dev/5c46fbd72e2216398b5a8c9c-512.webp', 'ENABLED'),
  (1010, 'VPO-209', 'VPO-209', 'Assault rifle', '.366 TKM', 'VPO-209 属于 Assault rifle，使用 .366 TKM。适合在配装讨论中对比预算、后坐控制、弹药成本和地图距离。', 'https://assets.tarkov.dev/59e6687d86f77411d949b251-512.webp', 'ENABLED'),
  (1011, 'SKS', 'SKS', 'Assault carbine', '7.62x39mm', 'SKS 属于 Assault carbine，使用 7.62x39mm。适合在配装讨论中对比预算、后坐控制、弹药成本和地图距离。', 'https://assets.tarkov.dev/574d967124597745970e7c94-512.webp', 'ENABLED'),
  (1012, 'MP-155', 'MP-155', 'Shotgun', '12/70', 'MP-155 属于 Shotgun，使用 12/70。适合在配装讨论中对比预算、后坐控制、弹药成本和地图距离。', 'https://assets.tarkov.dev/606dae0ab0e443224b421bb7-512.webp', 'ENABLED'),
  (1013, 'KS-23M', 'KS-23M', 'Shotgun', '23x75mm', 'KS-23M 属于 Shotgun，使用 23x75mm。适合在配装讨论中对比预算、后坐控制、弹药成本和地图距离。', 'https://assets.tarkov.dev/5e848cc2988a8701445df1e8-512.webp', 'ENABLED'),
  (1014, 'Saiga-12K', 'Saiga-12K', 'Shotgun', '12/70', 'Saiga-12K 属于 Shotgun，使用 12/70。适合在配装讨论中对比预算、后坐控制、弹药成本和地图距离。', 'https://assets.tarkov.dev/576165642459773c7a400233-512.webp', 'ENABLED'),
  (1015, 'MP5', 'MP5', 'SMG', '9x19mm', 'MP5 属于 SMG，使用 9x19mm。适合在配装讨论中对比预算、后坐控制、弹药成本和地图距离。', 'https://assets.tarkov.dev/5926bb2186f7744b1c6c6e60-512.webp', 'ENABLED'),
  (1016, 'MP7A1', 'MP7A1', 'SMG', '4.6x30mm', 'MP7A1 属于 SMG，使用 4.6x30mm。适合在配装讨论中对比预算、后坐控制、弹药成本和地图距离。', 'https://assets.tarkov.dev/5ba26383d4351e00334c93d9-512.webp', 'ENABLED'),
  (1017, 'UMP 45', 'UMP 45', 'SMG', '.45 ACP', 'UMP 45 属于 SMG，使用 .45 ACP。适合在配装讨论中对比预算、后坐控制、弹药成本和地图距离。', 'https://assets.tarkov.dev/5fc3e272f8b6a877a729eac5-512.webp', 'ENABLED'),
  (1018, 'Vector 9x19', 'Vector 9x19', 'SMG', '9x19mm', 'Vector 9x19 属于 SMG，使用 9x19mm。适合在配装讨论中对比预算、后坐控制、弹药成本和地图距离。', 'https://assets.tarkov.dev/5fc3f2d5900b1d5091531e57-512.webp', 'ENABLED'),
  (1019, 'Vector .45ACP', 'Vector .45ACP', 'SMG', '.45 ACP', 'Vector .45ACP 属于 SMG，使用 .45 ACP。适合在配装讨论中对比预算、后坐控制、弹药成本和地图距离。', 'https://assets.tarkov.dev/5fb64bc92b1b027b1f50bcf2-512.webp', 'ENABLED'),
  (1020, 'P90', 'P90', 'SMG', '5.7x28mm', 'P90 属于 SMG，使用 5.7x28mm。适合在配装讨论中对比预算、后坐控制、弹药成本和地图距离。', 'https://assets.tarkov.dev/5cc82d76e24e8d00134b4b83-512.webp', 'ENABLED'),
  (1021, 'AS VAL', 'AS VAL', 'Assault carbine', '9x39mm', 'AS VAL 属于 Assault carbine，使用 9x39mm。适合在配装讨论中对比预算、后坐控制、弹药成本和地图距离。', 'https://assets.tarkov.dev/57c44b372459772d2b39b8ce-512.webp', 'ENABLED'),
  (1022, 'VSS Vintorez', 'VSS Vintorez', 'Marksman rifle', '9x39mm', 'VSS Vintorez 属于 Marksman rifle，使用 9x39mm。适合在配装讨论中对比预算、后坐控制、弹药成本和地图距离。', 'https://assets.tarkov.dev/57838ad32459774a17445cd2-512.webp', 'ENABLED'),
  (1023, 'MCX', 'MCX', 'Assault rifle', '.300 Blackout', 'MCX 属于 Assault rifle，使用 .300 Blackout。适合在配装讨论中对比预算、后坐控制、弹药成本和地图距离。', 'https://assets.tarkov.dev/5fbcc1d9016cce60e8341ab3-512.webp', 'ENABLED'),
  (1024, 'AUG A3', 'AUG A3', 'Assault rifle', '5.56x45mm', 'AUG A3 属于 Assault rifle，使用 5.56x45mm。适合在配装讨论中对比预算、后坐控制、弹药成本和地图距离。', 'https://assets.tarkov.dev/63171672192e68c5460cebc5-512.webp', 'ENABLED'),
  (1025, 'G36', 'G36', 'Assault rifle', '5.56x45mm', 'G36 属于 Assault rifle，使用 5.56x45mm。适合在配装讨论中对比预算、后坐控制、弹药成本和地图距离。', 'https://assets.tarkov.dev/623063e994fc3f7b302a9696-512.webp', 'ENABLED'),
  (1026, 'AK-545', 'AK-545', 'Assault rifle', '5.45x39mm', 'AK-545 属于 Assault rifle，使用 5.45x39mm。适合在配装讨论中对比预算、后坐控制、弹药成本和地图距离。', 'https://assets.tarkov.dev/628b5638ad252a16da6dd245-512.webp', 'ENABLED'),
  (1027, 'RPK-16', 'RPK-16', 'Machinegun', '5.45x39mm', 'RPK-16 属于 Machinegun，使用 5.45x39mm。适合在配装讨论中对比预算、后坐控制、弹药成本和地图距离。', 'https://assets.tarkov.dev/5beed0f50db834001c062b12-512.webp', 'ENABLED'),
  (1028, 'PKP', 'PKP', 'Machinegun', '7.62x54R', 'PKP 属于 Machinegun，使用 7.62x54R。适合在配装讨论中对比预算、后坐控制、弹药成本和地图距离。', 'https://assets.tarkov.dev/64ca3d3954fc657e230529cc-512.webp', 'ENABLED'),
  (1029, 'AXMC', 'AXMC', 'Sniper rifle', '.338 Lapua Magnum', 'AXMC 属于 Sniper rifle，使用 .338 Lapua Magnum。适合在配装讨论中对比预算、后坐控制、弹药成本和地图距离。', 'https://assets.tarkov.dev/627e14b21713922ded6f2c15-512.webp', 'ENABLED'),
  (1030, 'DVL-10', 'DVL-10', 'Sniper rifle', '7.62x51mm', 'DVL-10 属于 Sniper rifle，使用 7.62x51mm。适合在配装讨论中对比预算、后坐控制、弹药成本和地图距离。', 'https://assets.tarkov.dev/588892092459774ac91d4b11-512.webp', 'ENABLED'),
  (1031, 'M700', 'M700', 'Sniper rifle', '7.62x51mm', 'M700 属于 Sniper rifle，使用 7.62x51mm。适合在配装讨论中对比预算、后坐控制、弹药成本和地图距离。', 'https://assets.tarkov.dev/5bfea6e90db834001b7347f3-512.webp', 'ENABLED'),
  (1032, 'G28', 'G28', 'Marksman rifle', '7.62x51mm', 'G28 属于 Marksman rifle，使用 7.62x51mm。适合在配装讨论中对比预算、后坐控制、弹药成本和地图距离。', 'https://assets.tarkov.dev/6176aca650224f204c1da3fb-512.webp', 'ENABLED'),
  (1033, 'TX-15 DML', 'TX-15 DML', 'Assault rifle', '5.56x45mm', 'TX-15 DML 属于 Assault rifle，使用 5.56x45mm。适合在配装讨论中对比预算、后坐控制、弹药成本和地图距离。', 'https://assets.tarkov.dev/5d43021ca4b9362eab4b5e25-512.webp', 'ENABLED'),
  (1034, 'MP9-N', 'MP9-N', 'SMG', '9x19mm', 'MP9-N 属于 SMG，使用 9x19mm。适合在配装讨论中对比预算、后坐控制、弹药成本和地图距离。', 'https://assets.tarkov.dev/5de7bd7bfd6b4e6e2276dc25-512.webp', 'ENABLED'),
  (1035, 'SR-2M', 'SR-2M', 'SMG', '9x21mm', 'SR-2M 属于 SMG，使用 9x21mm。适合在配装讨论中对比预算、后坐控制、弹药成本和地图距离。', 'https://assets.tarkov.dev/62e14904c2699c0ec93adc47-512.webp', 'ENABLED'),
  (1036, 'ASh-12', 'ASh-12', 'Assault rifle', '12.7x55mm', 'ASh-12 属于 Assault rifle，使用 12.7x55mm。适合在配装讨论中对比预算、后坐控制、弹药成本和地图距离。', 'https://assets.tarkov.dev/5cadfbf7ae92152ac412eeef-512.webp', 'ENABLED'),
  (1037, 'Mk 17', 'Mk 17', 'Assault rifle', '7.62x51mm', 'Mk 17 属于 Assault rifle，使用 7.62x51mm。适合在配装讨论中对比预算、后坐控制、弹药成本和地图距离。', 'https://assets.tarkov.dev/6183afd850224f204c1da514-512.webp', 'ENABLED'),
  (1038, 'Mk 16', 'Mk 16', 'Assault rifle', '5.56x45mm', 'Mk 16 属于 Assault rifle，使用 5.56x45mm。适合在配装讨论中对比预算、后坐控制、弹药成本和地图距离。', 'https://assets.tarkov.dev/6184055050224f204c1da540-512.webp', 'ENABLED')
ON DUPLICATE KEY UPDATE name_en = VALUES(name_en), name_zh = VALUES(name_zh), weapon_type = VALUES(weapon_type), caliber = VALUES(caliber), description = VALUES(description), image_url = VALUES(image_url), status = VALUES(status);

INSERT INTO tarkov_ammo (id, name_en, name_zh, caliber, damage, penetration, armor_damage, description, image_url, status)
VALUES
  (1001, '5.45x39mm PP gs', '5.45x39mm PP gs', '5.45x39mm', 51, 34, 42, '5.45x39mm PP gs 伤害 51、穿透 34、护甲伤害 42，适合在配装帖中按预算和护甲等级讨论。', 'https://assets.tarkov.dev/56dff2ced2720bb4668b4567-512.webp', 'ENABLED'),
  (1002, '5.45x39mm BT gs', '5.45x39mm BT gs', '5.45x39mm', 54, 37, 44, '5.45x39mm BT gs 伤害 54、穿透 37、护甲伤害 44，适合在配装帖中按预算和护甲等级讨论。', 'https://assets.tarkov.dev/56dff061d2720bb5668b4567-512.webp', 'ENABLED'),
  (1003, '5.45x39mm BS gs', '5.45x39mm BS gs', '5.45x39mm', 45, 54, 57, '5.45x39mm BS gs 伤害 45、穿透 54、护甲伤害 57，适合在配装帖中按预算和护甲等级讨论。', 'https://assets.tarkov.dev/56dff026d2720bb8668b4567-512.webp', 'ENABLED'),
  (1004, '5.45x39mm 7N40', '5.45x39mm 7N40', '5.45x39mm', 55, 42, 45, '5.45x39mm 7N40 伤害 55、穿透 42、护甲伤害 45，适合在配装帖中按预算和护甲等级讨论。', 'https://assets.tarkov.dev/61962b617c6c7b169525f168-512.webp', 'ENABLED'),
  (1005, '5.45x39mm PPBS gs Igolnik', '5.45x39mm PPBS gs Igolnik', '5.45x39mm', 37, 62, 59, '5.45x39mm PPBS gs Igolnik 伤害 37、穿透 62、护甲伤害 59，适合在配装帖中按预算和护甲等级讨论。', 'https://assets.tarkov.dev/5c0d5e4486f77478390952fe-512.webp', 'ENABLED'),
  (1006, '5.56x45mm M855', '5.56x45mm M855', '5.56x45mm', 54, 31, 37, '5.56x45mm M855 伤害 54、穿透 31、护甲伤害 37，适合在配装帖中按预算和护甲等级讨论。', 'https://assets.tarkov.dev/54527a984bdc2d4e668b4567-512.webp', 'ENABLED'),
  (1007, '5.56x45mm M856A1', '5.56x45mm M856A1', '5.56x45mm', 52, 38, 44, '5.56x45mm M856A1 伤害 52、穿透 38、护甲伤害 44，适合在配装帖中按预算和护甲等级讨论。', 'https://assets.tarkov.dev/59e6906286f7746c9f75e847-512.webp', 'ENABLED'),
  (1008, '5.56x45mm M995', '5.56x45mm M995', '5.56x45mm', 42, 53, 52, '5.56x45mm M995 伤害 42、穿透 53、护甲伤害 52，适合在配装帖中按预算和护甲等级讨论。', 'https://assets.tarkov.dev/59e690b686f7746c9f75e848-512.webp', 'ENABLED'),
  (1009, '5.56x45mm SSA AP', '5.56x45mm SSA AP', '5.56x45mm', 38, 57, 58, '5.56x45mm SSA AP 伤害 38、穿透 57、护甲伤害 58，适合在配装帖中按预算和护甲等级讨论。', 'https://assets.tarkov.dev/601949593ae8f707c4608daa-512.webp', 'ENABLED'),
  (1010, '7.62x39mm PP gzh', '7.62x39mm PP gzh', '7.62x39mm', 59, 41, 57, '7.62x39mm PP gzh 伤害 59、穿透 41、护甲伤害 57，适合在配装帖中按预算和护甲等级讨论。', 'https://assets.tarkov.dev/64b7af434b75259c590fa893-512.webp', 'ENABLED'),
  (1011, '7.62x39mm BP gzh', '7.62x39mm BP gzh', '7.62x39mm', 58, 47, 63, '7.62x39mm BP gzh 伤害 58、穿透 47、护甲伤害 63，适合在配装帖中按预算和护甲等级讨论。', 'https://assets.tarkov.dev/59e0d99486f7744a32234762-512.webp', 'ENABLED'),
  (1012, '7.62x39mm MAI AP', '7.62x39mm MAI AP', '7.62x39mm', 53, 58, 76, '7.62x39mm MAI AP 伤害 53、穿透 58、护甲伤害 76，适合在配装帖中按预算和护甲等级讨论。', 'https://assets.tarkov.dev/601aa3d2b2bcb34913271e6d-512.webp', 'ENABLED'),
  (1013, '7.62x51mm BCP FMJ', '7.62x51mm BCP FMJ', '7.62x51mm', 83, 37, 56, '7.62x51mm BCP FMJ 伤害 83、穿透 37、护甲伤害 56，适合在配装帖中按预算和护甲等级讨论。', 'https://assets.tarkov.dev/5e023e53d4353e3302577c4c-512.webp', 'ENABLED'),
  (1014, '7.62x51mm M62 Tracer', '7.62x51mm M62 Tracer', '7.62x51mm', 82, 42, 65, '7.62x51mm M62 Tracer 伤害 82、穿透 42、护甲伤害 65，适合在配装帖中按预算和护甲等级讨论。', 'https://assets.tarkov.dev/5a608bf24f39f98ffc77720e-512.webp', 'ENABLED'),
  (1015, '7.62x51mm M61', '7.62x51mm M61', '7.62x51mm', 73, 60, 79, '7.62x51mm M61 伤害 73、穿透 60、护甲伤害 79，适合在配装帖中按预算和护甲等级讨论。', 'https://assets.tarkov.dev/5a6086ea4f39f99cd479502f-512.webp', 'ENABLED'),
  (1016, '7.62x51mm M993', '7.62x51mm M993', '7.62x51mm', 70, 65, 85, '7.62x51mm M993 伤害 70、穿透 65、护甲伤害 85，适合在配装帖中按预算和护甲等级讨论。', 'https://assets.tarkov.dev/5efb0c1bd79ff02a1f5e68d9-512.webp', 'ENABLED'),
  (1017, '9x19mm AP 6.3', '9x19mm AP 6.3', '9x19mm', 52, 30, 48, '9x19mm AP 6.3 伤害 52、穿透 30、护甲伤害 48，适合在配装帖中按预算和护甲等级讨论。', 'https://assets.tarkov.dev/5c925fa22e221601da359b7b-512.webp', 'ENABLED'),
  (1018, '9x19mm PBP gzh', '9x19mm PBP gzh', '9x19mm', 44, 39, 55, '9x19mm PBP gzh 伤害 44、穿透 39、护甲伤害 55，适合在配装帖中按预算和护甲等级讨论。', 'https://assets.tarkov.dev/5efb0da7a29a85116f6ea05f-512.webp', 'ENABLED'),
  (1019, '.45 ACP Match FMJ', '.45 ACP Match FMJ', '.45 ACP', 72, 25, 36, '.45 ACP Match FMJ 伤害 72、穿透 25、护甲伤害 36，适合在配装帖中按预算和护甲等级讨论。', 'https://assets.tarkov.dev/5e81f423763d9f754677bf2e-512.webp', 'ENABLED'),
  (1020, '.45 ACP AP', '.45 ACP AP', '.45 ACP', 66, 38, 48, '.45 ACP AP 伤害 66、穿透 38、护甲伤害 48，适合在配装帖中按预算和护甲等级讨论。', 'https://assets.tarkov.dev/5efb0cabfb3e451d70735af5-512.webp', 'ENABLED'),
  (1021, '12/70 7mm buckshot', '12/70 7mm buckshot', '12/70', 39, 3, 26, '12/70 7mm buckshot 伤害 39、穿透 3、护甲伤害 26，适合在配装帖中按预算和护甲等级讨论。', 'https://assets.tarkov.dev/560d5e524bdc2d25448b4571-512.webp', 'ENABLED'),
  (1022, '12/70 AP-20 armor-piercing slug', '12/70 AP-20 armor-piercing slug', '12/70', 164, 37, 65, '12/70 AP-20 armor-piercing slug 伤害 164、穿透 37、护甲伤害 65，适合在配装帖中按预算和护甲等级讨论。', 'https://assets.tarkov.dev/5d6e68a8a4b9360b6c0d54e2-512.webp', 'ENABLED'),
  (1023, '4.6x30mm FMJ SX', '4.6x30mm FMJ SX', '4.6x30mm', 43, 40, 41, '4.6x30mm FMJ SX 伤害 43、穿透 40、护甲伤害 41，适合在配装帖中按预算和护甲等级讨论。', 'https://assets.tarkov.dev/5ba2678ad4351e44f824b344-512.webp', 'ENABLED'),
  (1024, '4.6x30mm AP SX', '4.6x30mm AP SX', '4.6x30mm', 35, 53, 46, '4.6x30mm AP SX 伤害 35、穿透 53、护甲伤害 46，适合在配装帖中按预算和护甲等级讨论。', 'https://assets.tarkov.dev/5ba26835d4351e0035628ff5-512.webp', 'ENABLED'),
  (1025, '5.7x28mm SS190', '5.7x28mm SS190', '5.7x28mm', 49, 37, 43, '5.7x28mm SS190 伤害 49、穿透 37、护甲伤害 43，适合在配装帖中按预算和护甲等级讨论。', 'https://assets.tarkov.dev/5cc80f38e4a949001152b560-512.webp', 'ENABLED'),
  (1026, '5.7x28mm SB193', '5.7x28mm SB193', '5.7x28mm', 59, 27, 37, '5.7x28mm SB193 伤害 59、穿透 27、护甲伤害 37，适合在配装帖中按预算和护甲等级讨论。', 'https://assets.tarkov.dev/5cc80f67e4a949035e43bbba-512.webp', 'ENABLED'),
  (1027, '9x39mm SP-5 gs', '9x39mm SP-5 gs', '9x39mm', 71, 28, 39, '9x39mm SP-5 gs 伤害 71、穿透 28、护甲伤害 39，适合在配装帖中按预算和护甲等级讨论。', 'https://assets.tarkov.dev/57a0dfb82459774d3078b56c-512.webp', 'ENABLED'),
  (1028, '9x39mm SP-6 gs', '9x39mm SP-6 gs', '9x39mm', 60, 48, 64, '9x39mm SP-6 gs 伤害 60、穿透 48、护甲伤害 64，适合在配装帖中按预算和护甲等级讨论。', 'https://assets.tarkov.dev/57a0e5022459774d1673f889-512.webp', 'ENABLED'),
  (1029, '9x39mm BP gs', '9x39mm BP gs', '9x39mm', 58, 54, 69, '9x39mm BP gs 伤害 58、穿透 54、护甲伤害 69，适合在配装帖中按预算和护甲等级讨论。', 'https://assets.tarkov.dev/5c0d688c86f77413ae3407b2-512.webp', 'ENABLED'),
  (1030, '.300 Blackout AP', '.300 Blackout AP', '.300 Blackout', 51, 48, 65, '.300 Blackout AP 伤害 51、穿透 48、护甲伤害 65，适合在配装帖中按预算和护甲等级讨论。', 'https://assets.tarkov.dev/5fd20ff893a8961fc660a954-512.webp', 'ENABLED'),
  (1031, '.338 Lapua Magnum FMJ', '.338 Lapua Magnum FMJ', '.338 Lapua Magnum', 122, 47, 83, '.338 Lapua Magnum FMJ 伤害 122、穿透 47、护甲伤害 83，适合在配装帖中按预算和护甲等级讨论。', 'https://assets.tarkov.dev/5fc275cf85fd526b824a571a-512.webp', 'ENABLED'),
  (1032, '.338 Lapua Magnum AP', '.338 Lapua Magnum AP', '.338 Lapua Magnum', 115, 79, 89, '.338 Lapua Magnum AP 伤害 115、穿透 79、护甲伤害 89，适合在配装帖中按预算和护甲等级讨论。', 'https://assets.tarkov.dev/5fc382a9d724d907e2077dab-512.webp', 'ENABLED'),
  (1033, '.366 TKM AP-M', '.366 TKM AP-M', '.366 TKM', 90, 42, 60, '.366 TKM AP-M 伤害 90、穿透 42、护甲伤害 60，适合在配装帖中按预算和护甲等级讨论。', 'https://assets.tarkov.dev/5f0596629e22f464da6bbdd9-512.webp', 'ENABLED'),
  (1034, '7.62x25mm TT Pst gzh', '7.62x25mm TT Pst gzh', 'Caliber762x25TT', 50, 25, 36, '7.62x25mm TT Pst gzh 伤害 50、穿透 25、护甲伤害 36，适合在配装帖中按预算和护甲等级讨论。', 'https://assets.tarkov.dev/573603562459776430731618-512.webp', 'ENABLED'),
  (1035, '9x21mm BT gzh', '9x21mm BT gzh', '9x21mm', 52, 32, 42, '9x21mm BT gzh 伤害 52、穿透 32、护甲伤害 42，适合在配装帖中按预算和护甲等级讨论。', 'https://assets.tarkov.dev/5a26ac0ec4a28200741e1e18-512.webp', 'ENABLED'),
  (1036, '12.7x55mm PS12B', '12.7x55mm PS12B', '12.7x55mm', 102, 46, 57, '12.7x55mm PS12B 伤害 102、穿透 46、护甲伤害 57，适合在配装帖中按预算和护甲等级讨论。', 'https://assets.tarkov.dev/5cadf6eeae921500134b2799-512.webp', 'ENABLED'),
  (1037, '23x75mm Shrapnel-10 buckshot', '23x75mm Shrapnel-10 buckshot', '23x75mm', 87, 11, 20, '23x75mm Shrapnel-10 buckshot 伤害 87、穿透 11、护甲伤害 20，适合在配装帖中按预算和护甲等级讨论。', 'https://assets.tarkov.dev/5e85a9a6eacf8c039e4e2ac1-512.webp', 'ENABLED'),
  (1038, '23x75mm Barrikada slug', '23x75mm Barrikada slug', '23x75mm', 192, 39, 75, '23x75mm Barrikada slug 伤害 192、穿透 39、护甲伤害 75，适合在配装帖中按预算和护甲等级讨论。', 'https://assets.tarkov.dev/5e85aa1a988a8701445df1f5-512.webp', 'ENABLED'),
  (1039, '40x46mm M381 (HE) grenade', '40x46mm M381 (HE) grenade', '40x46mm', 199, 1, 95, '40x46mm M381 (HE) grenade 伤害 199、穿透 1、护甲伤害 95，适合在配装帖中按预算和护甲等级讨论。', 'https://assets.tarkov.dev/5ede474b0c226a66f5402622-512.webp', 'ENABLED')
ON DUPLICATE KEY UPDATE name_en = VALUES(name_en), name_zh = VALUES(name_zh), caliber = VALUES(caliber), damage = VALUES(damage), penetration = VALUES(penetration), armor_damage = VALUES(armor_damage), description = VALUES(description), image_url = VALUES(image_url), status = VALUES(status);

INSERT INTO map_extract (id, map_id, name, faction_limit, condition_text, description, status)
VALUES
  (1001, 7, 'Emercom Checkpoint', 'PMC', '默认可用，实际以局内列表为准', 'Interchange 东南侧常规撤离点，离 OLI 和外圈路线较近。', 'ENABLED'),
  (1002, 7, 'Railway Exfil', 'PMC', '默认可用，实际以局内列表为准', 'Interchange 西北侧撤离点，适合从 IDEA 或外圈转移。', 'ENABLED'),
  (1003, 7, 'Power Station V-Ex', 'PMC', '车辆撤离，需要卢布且每局可用性有限', '电站车辆撤离点，速度快但会吸引附近玩家注意。', 'ENABLED'),
  (1004, 7, 'Saferoom Exfil', 'PMC', '需要满足电源和钥匙卡条件', '高价值条件撤离，适合熟悉电源和商场内路线后使用。', 'ENABLED'),
  (1005, 7, 'Hole in Fence', 'PMC', '不能携带背包', '快速撤离但牺牲背包容量，适合任务保命。', 'ENABLED'),
  (1006, 7, 'Scav Camp', 'PMC/Scav', '需要 PMC 与 Scav 协同', '协同撤离点，适合社区组队和特殊局势讨论。', 'ENABLED'),
  (1007, 8, 'Path to Shoreline', 'PMC', '默认可用，实际以局内列表为准', 'Lighthouse 常用撤离路线，适合避开水处理厂正面交火。', 'ENABLED'),
  (1008, 8, 'Southern Road', 'PMC/Scav', '默认或条件可用，实际以局内列表为准', '南侧道路撤离，适合沿海岸线转移。', 'ENABLED'),
  (1009, 8, 'Road to Military Base V-Ex', 'PMC', '车辆撤离，需要卢布且每局可用性有限', '靠近主路的车辆撤离，适合快速结束高价值路线。', 'ENABLED'),
  (1010, 8, 'Armored Train', 'PMC/Scav', '列车到站后限时撤离', '火车撤离窗口明显，但常形成中后段交火。', 'ENABLED'),
  (1011, 8, 'Northern Checkpoint', 'PMC/Scav', '默认或条件可用，实际以局内列表为准', '北侧检查站撤离，适合从山线或水处理厂外侧转移。', 'ENABLED'),
  (1012, 8, 'Industrial Zone Gates', 'Scav', 'Scav 撤离点', '工业区方向 Scav 常见撤离。', 'ENABLED'),
  (1013, 8, 'Hideout under Landing Stage', 'Scav', 'Scav 撤离点', '靠近海岸设施的 Scav 撤离点。', 'ENABLED'),
  (1014, 9, 'Emercom Checkpoint', 'PMC', '默认可用，实际以局内列表为准', 'Ground Zero 常见撤离点，适合新手路线收尾。', 'ENABLED'),
  (1015, 9, 'Mira Ave', 'PMC', '需要正确识别信号提示区域', '高风险街道撤离点，适合教学帖说明边界。', 'ENABLED'),
  (1016, 9, 'Nakatani Basement Stairs', 'PMC/Scav', '默认或条件可用，实际以局内列表为准', '楼内撤离点，适合任务结束后避开街面枪线。', 'ENABLED'),
  (1017, 9, 'Police Cordon V-Ex', 'PMC', '车辆撤离，需要卢布且每局可用性有限', '车辆撤离点，适合新手理解车辆撤离规则。', 'ENABLED'),
  (1018, 9, 'Scav Checkpoint', 'Scav', 'Scav 撤离点', 'Scav 路线常见离场方向。', 'ENABLED'),
  (1019, 10, 'Medical Block Elevator', 'PMC', '需要启动对应电梯', '实验室医疗区电梯撤离，启动后要防守音频信息。', 'ENABLED'),
  (1020, 10, 'Cargo Elevator', 'PMC', '需要启动对应电梯', '货运区域撤离，适合带高价值物资时快速离场。', 'ENABLED'),
  (1021, 10, 'Hangar Gate', 'PMC', '需要触发开门流程', '大型开门撤离，声音明显，容易吸引 Raider 和玩家。', 'ENABLED'),
  (1022, 10, 'Parking Gate', 'PMC', '需要触发开门流程', '停车场撤离，适合配合清理 Raider 后使用。', 'ENABLED'),
  (1023, 10, 'Main Elevator', 'PMC', '需要启动对应电梯', '主楼电梯撤离，适合熟悉楼层后的复盘路线。', 'ENABLED'),
  (1024, 10, 'Sewage Conduit', 'PMC', '通常有背包或装备限制', '下水道撤离，适合低负重保命路线。', 'ENABLED'),
  (1025, 10, 'Ventilation Shaft', 'PMC', '通常有背包限制', '通风井撤离，适合任务物品优先离场。', 'ENABLED'),
  (1026, 4, 'Checkpoint Fence', 'Scav', 'Scav 撤离点', 'Reserve 外围围栏撤离，适合轻装拾荒路线。', 'ENABLED'),
  (1027, 4, 'Heating Pipe', 'Scav', 'Scav 撤离点', '靠近地表管线的 Scav 离场点。', 'ENABLED'),
  (1028, 4, 'Hole in the Wall by the Mountains', 'PMC', '不能携带背包', '山边无背包撤离，适合任务保命或轻装路线。', 'ENABLED'),
  (1029, 4, 'Depot Hermetic Door', 'PMC/Scav', '需要启动警报机关', '警报会改变全图节奏，适合团队沟通使用。', 'ENABLED'),
  (1030, 4, 'Scav Lands', 'PMC/Scav', '需要 PMC 与 Scav 协同', '协同撤离点，适合特殊社交局势。', 'ENABLED'),
  (1031, 5, 'Collapsed Crane', 'PMC/Scav', '默认或条件可用，实际以局内列表为准', 'Streets 外围撤离，适合从住宅区转移。', 'ENABLED'),
  (1032, 5, 'Entrance to Catacombs', 'PMC/Scav', '默认或条件可用，实际以局内列表为准', '地下入口撤离，适合避开主干道枪线。', 'ENABLED'),
  (1033, 5, 'Expo Checkpoint', 'PMC/Scav', '默认或条件可用，实际以局内列表为准', '展馆方向撤离点，适合从东侧路线收尾。', 'ENABLED'),
  (1034, 5, 'Underpass', 'PMC/Scav', '默认或条件可用，实际以局内列表为准', '地下通道撤离，适合复杂街区的低暴露转移。', 'ENABLED'),
  (1035, 6, 'Lighthouse', 'PMC', '默认或条件可用，实际以局内列表为准', '海岸线西侧撤离方向，适合从疗养院外圈转移。', 'ENABLED'),
  (1036, 6, 'Ruined Road', 'PMC/Scav', '默认或条件可用，实际以局内列表为准', '沿海岸线边缘撤离，路线直观但暴露。', 'ENABLED'),
  (1037, 6, 'Railway Bridge', 'Scav', 'Scav 撤离点', '铁路桥方向 Scav 撤离，适合外圈拾荒。', 'ENABLED'),
  (1038, 6, 'Admin Basement', 'PMC/Scav', '默认或条件可用，实际以局内列表为准', '靠近疗养院行政楼的撤离思路，适合复盘讨论。', 'ENABLED'),
  (1039, 6, 'North Fence Passage', 'Scav', 'Scav 撤离点', '北侧围栏通道，适合避开疗养院正面。', 'ENABLED'),
  (1040, 1, 'Smugglers Boat', 'PMC', '条件撤离，需要确认篝火信号', '河边船撤离，路线短但信号和暴露度需要确认。', 'ENABLED'),
  (1041, 1, 'ZB-1012', 'PMC', '条件撤离，需要确认探照灯或局内状态', '海关东侧地堡撤离，适合替代 ZB-1011。', 'ENABLED'),
  (1042, 3, 'Factory Gate', 'PMC/Scav', '需要 PMC 与 Scav 协同', '森林协同撤离点，适合组队和社交局势讨论。', 'ENABLED'),
  (1043, 3, 'RUAF Gate', 'PMC/Scav', '默认或条件可用，实际以局内列表为准', '森林道路方向撤离，适合东侧转移。', 'ENABLED'),
  (1044, 2, 'Gate 0', 'PMC', '需要 Factory emergency exit key', '工厂备用撤离，适合携带钥匙规避 Gate 3 堵门。', 'ENABLED'),
  (1045, 2, 'Med Tent Gates', 'Scav', 'Scav 撤离点', '医疗帐篷方向 Scav 离场点。', 'ENABLED'),
  (1046, 11, 'Outer Service Door', 'PMC/Scav', '资料待核对，演示占位', '用于迷宫类地图资料扩展展示，后续可在后台修正。', 'ENABLED'),
  (1047, 11, 'Maintenance Shaft', 'PMC/Scav', '资料待核对，演示占位', '用于展示复杂室内地图的撤离信息维护方式。', 'ENABLED'),
  (1048, 12, 'Harbor Gate', 'PMC/Scav', '资料待核对，演示占位', 'Terminal 规划地图占位撤离，便于后续补正式资料。', 'ENABLED'),
  (1049, 13, 'Icebreaker Pier', 'PMC/Scav', '资料待核对，演示占位', 'Icebreaker 规划地图占位撤离，便于后续资料中心扩展。', 'ENABLED')
ON DUPLICATE KEY UPDATE map_id = VALUES(map_id), name = VALUES(name), faction_limit = VALUES(faction_limit), condition_text = VALUES(condition_text), description = VALUES(description), status = VALUES(status);

INSERT INTO map_loot_area (id, map_id, name, loot_type, risk_level, description)
VALUES
  (1001, 7, 'IDEA Office', '文件柜、技术物资、任务点', '中', 'IDEA 办公区适合新手学习商场外圈路线。'),
  (1002, 7, 'OLI Warehouse', '工具箱、电力材料、燃料', '中', 'OLI 仓库是藏身处材料的重要来源。'),
  (1003, 7, 'Goshan Food Shelves', '食品、饮料、任务补给', '中', 'Goshan 食品区适合补给和任务食品收集。'),
  (1004, 7, 'Techlight', '高价值电子物资', '高', 'Techlight 是 Interchange 高风险高价值技术点。'),
  (1005, 7, 'Rasmussen', '电子物资、工具、贵重物品', '高', '靠近中心动线，容易和玩家遭遇。'),
  (1006, 7, 'KIBA Store', '武器、配件、贵重战利品', '高', '需要钥匙且容易被盯防，适合团队推进讨论。'),
  (1007, 7, 'Ultra Medical', 'LEDX、医疗物资', '高', '高价值医疗房间，适合钥匙收益分析。'),
  (1008, 7, 'Power Station', '工具、电力材料、车辆撤离', '中', '电站会影响商场内部分机制。'),
  (1009, 8, 'Water Treatment Plant', '军用物资、Rogue 装备', '高', '水处理厂风险高，路线需要远距离侦察。'),
  (1010, 8, 'Rogue Rooftops', '武器、护甲、补给', '高', 'Rogue 火力覆盖区，适合复盘枪线。'),
  (1011, 8, 'Chalet', '贵重物品、电子物资', '高', '山庄资源高但容易形成中段交火。'),
  (1012, 8, 'USEC Cottages', '工具、贵重物资、任务点', '中', '适合外圈跑商和任务路线。'),
  (1013, 8, 'Main Road Villages', '食品、工具、基础材料', '中', '村庄路线适合低风险拾荒。'),
  (1014, 9, 'TerraGroup Lobby', '任务点、文件、基础补给', '中', 'Ground Zero 新手任务常经过区域。'),
  (1015, 9, 'Tarbank', '文件柜、保险箱、现金物资', '中', '适合新手理解文件柜和保险箱价值。'),
  (1016, 9, 'Empire Building', '任务点、技术物资', '中', '楼内路线适合教学撤离和交火复盘。'),
  (1017, 9, 'Nakatani Basement', '工具、补给、撤离路线', '中', '地下路线能降低街面暴露。'),
  (1018, 10, 'Black Room', '医疗物资、高价值注射器', '高', '实验室高价值房间，钥匙成本和撤离风险都高。'),
  (1019, 10, 'Green Room', '医疗和技术物资', '高', '常被队伍争夺，适合资源收益讨论。'),
  (1020, 10, 'Red Room', '高价值贵重物品', '高', '实验室代表性高价值房间。'),
  (1021, 10, 'Parking Sector', 'Raider、武器、护甲', '高', '触发后容易形成 Raider 和玩家混战。'),
  (1022, 10, 'Medical Block', '医疗物资、注射器', '高', '适合医疗物资和撤离路线组合讨论。'),
  (1023, 6, 'East Wing', '钥匙房、医疗、贵重物品', '高', '疗养院东楼是 Shoreline 核心资源区。'),
  (1024, 6, 'West Wing', '钥匙房、医疗、贵重物品', '高', '西楼资源丰富但交火频繁。'),
  (1025, 6, 'Admin Building', '文件、保险箱、任务点', '中', '行政楼适合中风险任务和搜索。'),
  (1026, 6, 'Pier', '保险箱、文件柜、撤离检查', '中', '码头短线收益不错但撤离暴露。'),
  (1027, 6, 'Weather Station', '技术物资、任务点', '中', '气象站视野开阔，适合观察后推进。'),
  (1028, 4, 'Black Pawn', '军用物资、医疗、任务点', '高', 'Reserve 关键建筑，楼梯和窗线需要谨慎。'),
  (1029, 4, 'White King', '技术物资、军用材料', '高', '高价值技术点，转点路线复杂。'),
  (1030, 4, 'Train Yard', '军用箱、机械物资', '中', '火车区域适合中后段路线。'),
  (1031, 4, 'Bunker Offices', '文件、军用物资、地下交火', '高', '地下办公室常形成近距离交火。'),
  (1032, 5, 'Concordia', '贵重物品、钥匙房、住宅物资', '高', '街区高价值建筑，适合分层路线讨论。'),
  (1033, 5, 'Chekannaya 15', '高价值钥匙房、贵重物资', '高', '风险和收益都很高的街区资源点。'),
  (1034, 5, 'Cinema', '文件、补给、转点', '中', '影院适合街区中段转移和情报搜集。'),
  (1035, 5, 'LexOs Office', 'Boss 点、军用物资、车辆周边', '高', 'Kaban 相关高风险区域。'),
  (1036, 5, 'Residential Courtyards', '工具、食品、任务点', '中', '住宅院落适合避开主干道。'),
  (1037, 2, 'Gate 3 Corridor', '尸体战利品、近战交火', '高', '撤离门前容易被堵，适合复盘。'),
  (1038, 2, 'Medical Tents', '医疗补给、Scav 点', '中', '低价值但路线短，适合新手工厂练习。'),
  (1039, 1, 'USEC Stash Building', '武器箱、技术物资', '中', '海关中部常见转点建筑。'),
  (1040, 1, 'Storage Units', '工具箱、杂物、任务物资', '中', 'Big Red 一侧适合新手搜索路线。'),
  (1041, 3, 'Scav Bunker', '工具、食物、任务点', '中', '森林北侧资源点，适合外圈路线。'),
  (1042, 3, 'Old Sawmill', '工具、木材区补给', '中', '靠近 Shturman 影响圈，需要听枪线判断。')
ON DUPLICATE KEY UPDATE map_id = VALUES(map_id), name = VALUES(name), loot_type = VALUES(loot_type), risk_level = VALUES(risk_level), description = VALUES(description);

INSERT INTO hideout_station (id, name_en, name_zh, description, status)
VALUES
  (1001, 'Generator', '发电机', '为藏身处多数模块供电，是制作、矿场和收益模块的基础。', 'ENABLED'),
  (1002, 'Illumination', '照明', '改善藏身处基础环境，通常与电力和舒适度升级相关。', 'ENABLED'),
  (1003, 'Heating', '供暖', '影响角色恢复和后续模块解锁，早期升级价值稳定。', 'ENABLED'),
  (1004, 'Water Collector', '净水器', '用于水资源产出和高级制作收益。', 'ENABLED'),
  (1005, 'Rest Space', '休息区', '提升角色恢复效率，是持续跑图体验的重要模块。', 'ENABLED'),
  (1006, 'Security', '安保', '基础设施模块，后续升级会牵引其他区域。', 'ENABLED'),
  (1007, 'Vents', '通风系统', '多个模块的前置条件，升级时常消耗工具和电力材料。', 'ENABLED'),
  (1008, 'Stash', '仓库', '提升存储空间，适合新手最直观理解藏身处价值。', 'ENABLED'),
  (1009, 'Scav Case', 'Scav Case', '消耗情报或贵重物资换取随机收益，适合市场和收益讨论。', 'ENABLED'),
  (1010, 'Library', '图书馆', '偏后期模块，用于经验与长期成长展示。', 'ENABLED'),
  (1011, 'Air Filtering Unit', '空气过滤装置', '高成本后期模块，适合长期角色培养讨论。', 'ENABLED'),
  (1012, 'Booze Generator', '酒精发酵器', '以制作收益和材料管理为核心的中后期模块。', 'ENABLED')
ON DUPLICATE KEY UPDATE name_en = VALUES(name_en), name_zh = VALUES(name_zh), description = VALUES(description), status = VALUES(status);

INSERT INTO hideout_upgrade (id, station_id, level, required_items, required_time, unlocks)
VALUES
  (1001, 1001, 1, '燃料桶、火花塞、基础工具', '即时', '允许部分模块供电'),
  (1002, 1001, 2, '相控继电器、电线、灯泡、燃料', '数小时', '提高供电稳定性，解锁更多制作'),
  (1003, 1001, 3, '军用电源滤波器、电线、工具组、燃料', '十余小时', '支持后期高耗电模块'),
  (1004, 1002, 1, '灯泡、电线、螺丝', '即时', '基础照明'),
  (1005, 1002, 2, '节能灯、相控继电器、电线', '数小时', '改善环境并解锁后续条件'),
  (1006, 1003, 1, '火柴、螺丝、工具', '即时', '基础恢复加成'),
  (1007, 1003, 2, '波纹软管、燃料添加剂、工具组', '数小时', '提高恢复效率'),
  (1008, 1003, 3, '丙烷罐、金属零件、燃料材料', '十余小时', '后期恢复和前置条件'),
  (1009, 1004, 1, '波纹软管、水滤、工具组', '数小时', '解锁净水相关产出'),
  (1010, 1004, 2, '净水滤芯、军用软管、电力材料', '十余小时', '提高高级制作收益'),
  (1011, 1004, 3, '军用电源滤波器、净水滤芯、贵重工具', '一天以上', '后期水资源产出'),
  (1012, 1005, 1, '胶带、钉子、螺丝', '即时', '基础恢复'),
  (1013, 1005, 2, '灯泡、床垫材料、工具', '数小时', '提升休息恢复'),
  (1014, 1005, 3, '贵重布料、工具、电力材料', '十余小时', '长期跑图体验提升'),
  (1015, 1006, 1, '螺丝、胶带、工具', '即时', '基础安保'),
  (1016, 1006, 2, '电线、相控继电器、摄像头类材料', '数小时', '解锁更多模块前置'),
  (1017, 1007, 1, '软管、螺丝、工具', '即时', '基础通风'),
  (1018, 1007, 2, '波纹软管、电线、工具组', '数小时', '多个模块前置条件'),
  (1019, 1007, 3, '军用软管、电机、工具组', '十余小时', '后期模块前置'),
  (1020, 1008, 1, '默认仓库空间', '即时', '基础储物'),
  (1021, 1008, 2, '卢布、工具、建筑材料', '数小时', '扩大仓库容量'),
  (1022, 1008, 3, '卢布、贵重材料、工具', '十余小时', '进一步扩大仓库容量'),
  (1023, 1009, 1, '情报文件夹、贵重物资、藏身处前置', '一天以上', '开启随机收益玩法'),
  (1024, 1009, 2, 'Moonshine、情报材料、贵重物品', '一天以上', '提高高成本收益展示'),
  (1025, 1010, 1, '文件、书籍类物资、卢布', '一天以上', '长期经验收益展示'),
  (1026, 1011, 1, '空气过滤材料、电力材料、工具组', '一天以上', '后期角色培养模块'),
  (1027, 1012, 1, '糖、水滤、燃料材料、工具', '十余小时', '解锁 Moonshine 相关制作'),
  (1028, 1012, 2, '糖、净水、贵重工具', '一天以上', '提高中后期制作收益'),
  (1029, 4, 2, 'Secure Flash drive、情报文件夹、电线', '数小时', '强化资料类制作与任务支撑'),
  (1030, 5, 2, '食品、糖、饮料、工具', '数小时', '提高补给制作选择'),
  (1031, 2, 3, 'LEDX、眼底镜、医疗材料', '一天以上', '高级医疗制作和任务物资关联'),
  (1032, 1, 3, '工具组、金属零件、高级电力材料', '十余小时', '高级武器制作展示')
ON DUPLICATE KEY UPDATE station_id = VALUES(station_id), level = VALUES(level), required_items = VALUES(required_items), required_time = VALUES(required_time), unlocks = VALUES(unlocks);

INSERT INTO post (id, user_id, category_id, title, content, post_type, cover_image, map_id, trader_id, quest_id, item_id, weapon_id, ammo_id, risk_level, intel_status, view_count, like_count, favorite_count, comment_count, status, pinned, recommended, created_at)
VALUES
  (1001, 2, 1, '海关 Checking 任务低冲突路线', '海关 Checking 任务低冲突路线。这条帖子按玩家社区讨论口吻整理，重点放在进图目标、路线选择、风险判断、物资保留和撤离顺序。建议在评论区补充自己的出生点、听到的枪声方向、实际撤离结果和需要修正的点位。', 'ROUTE', NULL, 1, 1, 1007, NULL, NULL, NULL, 'LOW', 'VERIFIED', 79, 4, 2, 2, 'NORMAL', 1, 0, '2026-06-12 10:47:00'),
  (1002, 4, 2, 'Ground Zero 新手三任务同局规划', 'Ground Zero 新手三任务同局规划。这条帖子按玩家社区讨论口吻整理，重点放在进图目标、路线选择、风险判断、物资保留和撤离顺序。建议在评论区补充自己的出生点、听到的枪声方向、实际撤离结果和需要修正的点位。', 'GUIDE', NULL, 9, 2, 1001, NULL, NULL, NULL, 'MEDIUM', 'VERIFIED', 88, 5, 3, 2, 'NORMAL', 0, 0, '2026-06-13 11:54:00'),
  (1003, 3, 4, 'Interchange 外圈跑商先看电源还是先撤离', 'Interchange 外圈跑商先看电源还是先撤离。这条帖子按玩家社区讨论口吻整理，重点放在进图目标、路线选择、风险判断、物资保留和撤离顺序。建议在评论区补充自己的出生点、听到的枪声方向、实际撤离结果和需要修正的点位。', 'MARKET', NULL, 7, NULL, NULL, 1028, NULL, NULL, 'MEDIUM', 'PENDING', 97, 6, 4, 2, 'NORMAL', 0, 1, '2026-06-14 12:01:00'),
  (1004, 5, 7, 'Techlight 和 Rasmussen 的进退节奏', 'Techlight 和 Rasmussen 的进退节奏。这条帖子按玩家社区讨论口吻整理，重点放在进图目标、路线选择、风险判断、物资保留和撤离顺序。建议在评论区补充自己的出生点、听到的枪声方向、实际撤离结果和需要修正的点位。', 'RAID_REVIEW', NULL, 7, NULL, NULL, 4, NULL, NULL, 'HIGH', 'VERIFIED', 106, 7, 5, 2, 'NORMAL', 0, 0, '2026-06-12 13:08:00'),
  (1005, 4, 1, 'Lighthouse Rogue 区域新手不要走直线', 'Lighthouse Rogue 区域新手不要走直线。这条帖子按玩家社区讨论口吻整理，重点放在进图目标、路线选择、风险判断、物资保留和撤离顺序。建议在评论区补充自己的出生点、听到的枪声方向、实际撤离结果和需要修正的点位。', 'GUIDE', NULL, 8, NULL, NULL, NULL, 1007, 1014, 'HIGH', 'VERIFIED', 115, 8, 6, 2, 'NORMAL', 0, 0, '2026-06-13 14:15:00'),
  (1006, 3, 7, 'Reserve D-2 前先确认脚步和开关', 'Reserve D-2 前先确认脚步和开关。这条帖子按玩家社区讨论口吻整理，重点放在进图目标、路线选择、风险判断、物资保留和撤离顺序。建议在评论区补充自己的出生点、听到的枪声方向、实际撤离结果和需要修正的点位。', 'RAID_REVIEW', NULL, 4, NULL, NULL, 1019, NULL, NULL, 'HIGH', 'VERIFIED', 124, 9, 1, 2, 'NORMAL', 0, 1, '2026-06-14 15:22:00'),
  (1007, 2, 8, 'Shoreline 疗养院 East Wing 跑任务要不要组队', 'Shoreline 疗养院 East Wing 跑任务要不要组队。这条帖子按玩家社区讨论口吻整理，重点放在进图目标、路线选择、风险判断、物资保留和撤离顺序。建议在评论区补充自己的出生点、听到的枪声方向、实际撤离结果和需要修正的点位。', 'TEAM_UP', NULL, 6, 2, 1031, NULL, NULL, NULL, 'HIGH', 'PENDING', 133, 10, 2, 2, 'NORMAL', 0, 0, '2026-06-12 16:29:00'),
  (1008, 4, 2, 'Health Care Privacy 前几步物资准备', 'Health Care Privacy 前几步物资准备。这条帖子按玩家社区讨论口吻整理，重点放在进图目标、路线选择、风险判断、物资保留和撤离顺序。建议在评论区补充自己的出生点、听到的枪声方向、实际撤离结果和需要修正的点位。', 'GUIDE', NULL, 6, 2, 1030, 1014, NULL, NULL, 'MEDIUM', 'VERIFIED', 142, 11, 3, 2, 'NORMAL', 0, 0, '2026-06-13 17:36:00'),
  (1009, 5, 2, 'Gunsmith Part 5 常见卡点整理', 'Gunsmith Part 5 常见卡点整理。这条帖子按玩家社区讨论口吻整理，重点放在进图目标、路线选择、风险判断、物资保留和撤离顺序。建议在评论区补充自己的出生点、听到的枪声方向、实际撤离结果和需要修正的点位。', 'GUIDE', NULL, NULL, 4, 1054, NULL, 1005, NULL, 'LOW', 'VERIFIED', 151, 12, 4, 2, 'NORMAL', 0, 1, '2026-06-14 18:43:00'),
  (1010, 3, 3, 'HK 416A5 和 M4A1 预算差在哪里', 'HK 416A5 和 M4A1 预算差在哪里。这条帖子按玩家社区讨论口吻整理，重点放在进图目标、路线选择、风险判断、物资保留和撤离顺序。建议在评论区补充自己的出生点、听到的枪声方向、实际撤离结果和需要修正的点位。', 'LOADOUT', NULL, NULL, NULL, NULL, NULL, 1001, 1007, 'MEDIUM', 'VERIFIED', 160, 13, 5, 2, 'NORMAL', 0, 0, '2026-06-12 19:50:00'),
  (1011, 4, 3, 'RD-704 搭 BP 弹适合哪些地图', 'RD-704 搭 BP 弹适合哪些地图。这条帖子按玩家社区讨论口吻整理，重点放在进图目标、路线选择、风险判断、物资保留和撤离顺序。建议在评论区补充自己的出生点、听到的枪声方向、实际撤离结果和需要修正的点位。', 'LOADOUT', NULL, 1, NULL, NULL, NULL, 1002, 1011, 'HIGH', 'VERIFIED', 169, 14, 6, 2, 'NORMAL', 0, 0, '2026-06-13 20:57:00'),
  (1012, 2, 3, '5.45 BT 到 BS 的升级时机', '5.45 BT 到 BS 的升级时机。这条帖子按玩家社区讨论口吻整理，重点放在进图目标、路线选择、风险判断、物资保留和撤离顺序。建议在评论区补充自己的出生点、听到的枪声方向、实际撤离结果和需要修正的点位。', 'LOADOUT', NULL, 3, NULL, NULL, NULL, 1, 1003, 'MEDIUM', 'VERIFIED', 178, 15, 1, 2, 'NORMAL', 0, 1, '2026-06-14 21:04:00'),
  (1013, 5, 3, 'P90 和 MP7A1 的近战弹药成本对比', 'P90 和 MP7A1 的近战弹药成本对比。这条帖子按玩家社区讨论口吻整理，重点放在进图目标、路线选择、风险判断、物资保留和撤离顺序。建议在评论区补充自己的出生点、听到的枪声方向、实际撤离结果和需要修正的点位。', 'LOADOUT', NULL, 2, NULL, NULL, NULL, 1020, 1025, 'MEDIUM', 'PENDING', 187, 16, 2, 2, 'NORMAL', 0, 0, '2026-06-12 10:11:00'),
  (1014, 3, 4, 'LEDX 找到后是交任务还是卖', 'LEDX 找到后是交任务还是卖。这条帖子按玩家社区讨论口吻整理，重点放在进图目标、路线选择、风险判断、物资保留和撤离顺序。建议在评论区补充自己的出生点、听到的枪声方向、实际撤离结果和需要修正的点位。', 'MARKET', NULL, 6, NULL, NULL, 1012, NULL, NULL, 'HIGH', 'VERIFIED', 196, 3, 3, 2, 'NORMAL', 0, 0, '2026-06-13 11:18:00'),
  (1015, 4, 5, '净水滤芯和糖的中期保留建议', '净水滤芯和糖的中期保留建议。这条帖子按玩家社区讨论口吻整理，重点放在进图目标、路线选择、风险判断、物资保留和撤离顺序。建议在评论区补充自己的出生点、听到的枪声方向、实际撤离结果和需要修正的点位。', 'MARKET', NULL, NULL, NULL, NULL, 1056, NULL, NULL, 'LOW', 'VERIFIED', 205, 4, 4, 2, 'NORMAL', 0, 1, '2026-06-14 12:25:00'),
  (1016, 5, 5, 'Scav Case 投入情报文件夹值不值', 'Scav Case 投入情报文件夹值不值。这条帖子按玩家社区讨论口吻整理，重点放在进图目标、路线选择、风险判断、物资保留和撤离顺序。建议在评论区补充自己的出生点、听到的枪声方向、实际撤离结果和需要修正的点位。', 'MARKET', NULL, NULL, NULL, NULL, 1066, NULL, NULL, 'MEDIUM', 'PENDING', 214, 5, 5, 2, 'NORMAL', 0, 0, '2026-06-12 13:32:00'),
  (1017, 2, 6, 'Kaban 在 LexOs 周边的声音判断', 'Kaban 在 LexOs 周边的声音判断。这条帖子按玩家社区讨论口吻整理，重点放在进图目标、路线选择、风险判断、物资保留和撤离顺序。建议在评论区补充自己的出生点、听到的枪声方向、实际撤离结果和需要修正的点位。', 'GUIDE', NULL, 5, NULL, NULL, NULL, NULL, NULL, 'HIGH', 'VERIFIED', 223, 6, 6, 2, 'NORMAL', 0, 0, '2026-06-13 14:39:00'),
  (1018, 4, 6, 'Killa 出现时 Interchange 中心区怎么退', 'Killa 出现时 Interchange 中心区怎么退。这条帖子按玩家社区讨论口吻整理，重点放在进图目标、路线选择、风险判断、物资保留和撤离顺序。建议在评论区补充自己的出生点、听到的枪声方向、实际撤离结果和需要修正的点位。', 'GUIDE', NULL, 7, NULL, NULL, NULL, 1016, 1024, 'HIGH', 'VERIFIED', 232, 7, 1, 2, 'NORMAL', 0, 1, '2026-06-14 15:46:00'),
  (1019, 3, 6, 'Shturman 伐木场不要只盯 Boss', 'Shturman 伐木场不要只盯 Boss。这条帖子按玩家社区讨论口吻整理，重点放在进图目标、路线选择、风险判断、物资保留和撤离顺序。建议在评论区补充自己的出生点、听到的枪声方向、实际撤离结果和需要修正的点位。', 'RAID_REVIEW', NULL, 3, NULL, NULL, NULL, 1031, 1031, 'HIGH', 'VERIFIED', 241, 8, 2, 2, 'NORMAL', 0, 0, '2026-06-12 16:53:00'),
  (1020, 5, 6, 'Sanitar 疗养院外圈比正门更稳', 'Sanitar 疗养院外圈比正门更稳。这条帖子按玩家社区讨论口吻整理，重点放在进图目标、路线选择、风险判断、物资保留和撤离顺序。建议在评论区补充自己的出生点、听到的枪声方向、实际撤离结果和需要修正的点位。', 'GUIDE', NULL, 6, NULL, NULL, NULL, NULL, NULL, 'HIGH', 'VERIFIED', 250, 9, 3, 2, 'NORMAL', 0, 0, '2026-06-13 17:00:00'),
  (1021, 3, 6, 'Zryachiy 岛线信息先别急着硬冲', 'Zryachiy 岛线信息先别急着硬冲。这条帖子按玩家社区讨论口吻整理，重点放在进图目标、路线选择、风险判断、物资保留和撤离顺序。建议在评论区补充自己的出生点、听到的枪声方向、实际撤离结果和需要修正的点位。', 'QUESTION', NULL, 8, NULL, NULL, NULL, 1029, 1032, 'HIGH', 'PENDING', 259, 10, 4, 2, 'NORMAL', 0, 1, '2026-06-14 18:07:00'),
  (1022, 2, 6, 'Factory 打 Tagilla 别在窄门口换弹', 'Factory 打 Tagilla 别在窄门口换弹。这条帖子按玩家社区讨论口吻整理，重点放在进图目标、路线选择、风险判断、物资保留和撤离顺序。建议在评论区补充自己的出生点、听到的枪声方向、实际撤离结果和需要修正的点位。', 'GUIDE', NULL, 2, NULL, NULL, NULL, 1014, 1022, 'HIGH', 'VERIFIED', 268, 11, 5, 2, 'NORMAL', 0, 0, '2026-06-12 19:14:00'),
  (1023, 5, 7, 'The Lab 首次刷 Raider 的撤离优先级', 'The Lab 首次刷 Raider 的撤离优先级。这条帖子按玩家社区讨论口吻整理，重点放在进图目标、路线选择、风险判断、物资保留和撤离顺序。建议在评论区补充自己的出生点、听到的枪声方向、实际撤离结果和需要修正的点位。', 'RAID_REVIEW', NULL, 10, NULL, NULL, 12, 1001, 1009, 'HIGH', 'VERIFIED', 277, 12, 6, 2, 'NORMAL', 0, 0, '2026-06-13 20:21:00'),
  (1024, 4, 2, 'Spa Tour 前置路线怎么分天完成', 'Spa Tour 前置路线怎么分天完成。这条帖子按玩家社区讨论口吻整理，重点放在进图目标、路线选择、风险判断、物资保留和撤离顺序。建议在评论区补充自己的出生点、听到的枪声方向、实际撤离结果和需要修正的点位。', 'GUIDE', NULL, 6, 7, 1083, NULL, NULL, NULL, 'MEDIUM', 'VERIFIED', 286, 13, 1, 2, 'NORMAL', 0, 1, '2026-06-14 21:28:00'),
  (1025, 3, 2, 'Chemical Part 1 到 Part 4 的选择提醒', 'Chemical Part 1 到 Part 4 的选择提醒。这条帖子按玩家社区讨论口吻整理，重点放在进图目标、路线选择、风险判断、物资保留和撤离顺序。建议在评论区补充自己的出生点、听到的枪声方向、实际撤离结果和需要修正的点位。', 'GUIDE', NULL, 1, 3, 1042, NULL, NULL, NULL, 'MEDIUM', 'VERIFIED', 295, 14, 2, 2, 'NORMAL', 0, 0, '2026-06-12 10:35:00'),
  (1026, 2, 2, 'Tarkov Shooter Part 3 之前先练哪条线', 'Tarkov Shooter Part 3 之前先练哪条线。这条帖子按玩家社区讨论口吻整理，重点放在进图目标、路线选择、风险判断、物资保留和撤离顺序。建议在评论区补充自己的出生点、听到的枪声方向、实际撤离结果和需要修正的点位。', 'GUIDE', NULL, 3, 8, 1099, NULL, 6, 6, 'MEDIUM', 'VERIFIED', 304, 15, 3, 2, 'NORMAL', 0, 0, '2026-06-13 11:42:00'),
  (1027, 4, 8, 'Sales Night 组队跑商路线招募', 'Sales Night 组队跑商路线招募。这条帖子按玩家社区讨论口吻整理，重点放在进图目标、路线选择、风险判断、物资保留和撤离顺序。建议在评论区补充自己的出生点、听到的枪声方向、实际撤离结果和需要修正的点位。', 'TEAM_UP', NULL, 7, 5, 1067, NULL, NULL, NULL, 'MEDIUM', 'PENDING', 313, 16, 4, 2, 'NORMAL', 0, 1, '2026-06-14 12:49:00'),
  (1028, 5, 2, 'Cargo X 放置阶段不要和疗养院正门硬碰', 'Cargo X 放置阶段不要和疗养院正门硬碰。这条帖子按玩家社区讨论口吻整理，重点放在进图目标、路线选择、风险判断、物资保留和撤离顺序。建议在评论区补充自己的出生点、听到的枪声方向、实际撤离结果和需要修正的点位。', 'GUIDE', NULL, 6, 7, 1088, NULL, NULL, NULL, 'MEDIUM', 'VERIFIED', 322, 3, 5, 2, 'NORMAL', 0, 0, '2026-06-12 13:56:00'),
  (1029, 3, 1, 'Streets Chekannaya 跑完先找下穿路线', 'Streets Chekannaya 跑完先找下穿路线。这条帖子按玩家社区讨论口吻整理，重点放在进图目标、路线选择、风险判断、物资保留和撤离顺序。建议在评论区补充自己的出生点、听到的枪声方向、实际撤离结果和需要修正的点位。', 'ROUTE', NULL, 5, NULL, NULL, 1062, NULL, NULL, 'HIGH', 'PENDING', 331, 4, 6, 2, 'NORMAL', 0, 0, '2026-06-13 14:03:00'),
  (1030, 2, 5, 'Booze Generator 材料别等到要升才买', 'Booze Generator 材料别等到要升才买。这条帖子按玩家社区讨论口吻整理，重点放在进图目标、路线选择、风险判断、物资保留和撤离顺序。建议在评论区补充自己的出生点、听到的枪声方向、实际撤离结果和需要修正的点位。', 'MARKET', NULL, NULL, NULL, NULL, 1057, NULL, NULL, 'LOW', 'VERIFIED', 340, 5, 1, 2, 'NORMAL', 0, 1, '2026-06-14 15:10:00'),
  (1031, 4, 1, 'Ground Zero Mira Ave 信号撤离教学', 'Ground Zero Mira Ave 信号撤离教学。这条帖子按玩家社区讨论口吻整理，重点放在进图目标、路线选择、风险判断、物资保留和撤离顺序。建议在评论区补充自己的出生点、听到的枪声方向、实际撤离结果和需要修正的点位。', 'ROUTE', NULL, 9, NULL, NULL, NULL, NULL, NULL, 'MEDIUM', 'VERIFIED', 349, 6, 2, 2, 'NORMAL', 0, 0, '2026-06-12 16:17:00'),
  (1032, 5, 3, 'AS VAL 和 VSS 的 9x39 选弹建议', 'AS VAL 和 VSS 的 9x39 选弹建议。这条帖子按玩家社区讨论口吻整理，重点放在进图目标、路线选择、风险判断、物资保留和撤离顺序。建议在评论区补充自己的出生点、听到的枪声方向、实际撤离结果和需要修正的点位。', 'LOADOUT', NULL, 2, NULL, NULL, NULL, 1021, 1028, 'MEDIUM', 'VERIFIED', 358, 7, 3, 2, 'NORMAL', 0, 0, '2026-06-13 17:24:00')
ON DUPLICATE KEY UPDATE user_id = VALUES(user_id), category_id = VALUES(category_id), title = VALUES(title), content = VALUES(content), post_type = VALUES(post_type), cover_image = VALUES(cover_image), map_id = VALUES(map_id), trader_id = VALUES(trader_id), quest_id = VALUES(quest_id), item_id = VALUES(item_id), weapon_id = VALUES(weapon_id), ammo_id = VALUES(ammo_id), risk_level = VALUES(risk_level), intel_status = VALUES(intel_status), view_count = VALUES(view_count), like_count = VALUES(like_count), favorite_count = VALUES(favorite_count), comment_count = VALUES(comment_count), status = VALUES(status), pinned = VALUES(pinned), recommended = VALUES(recommended);

INSERT INTO post_catalog_relation (id, post_id, catalog_type, catalog_id, relation_note)
VALUES
  (1001, 1001, 'MAP', 1, 'Customs 相关资料'),
  (1002, 1001, 'TRADER', 1, 'Prapor 相关资料'),
  (1003, 1001, 'QUEST', 1007, 'Checking 相关资料'),
  (1004, 1002, 'MAP', 9, 'Ground Zero 相关资料'),
  (1005, 1002, 'QUEST', 1001, 'First in Line 相关资料'),
  (1006, 1002, 'QUEST', 1002, 'Shooting Cans 相关资料'),
  (1007, 1002, 'QUEST', 1003, 'Burning Rubber 相关资料'),
  (1008, 1003, 'MAP', 7, 'Interchange 相关资料'),
  (1009, 1003, 'ITEM', 1028, 'Phase control relay 相关资料'),
  (1010, 1003, 'HIDEOUT', 1001, 'Generator 相关资料'),
  (1011, 1004, 'MAP', 7, 'Interchange 相关资料'),
  (1012, 1004, 'ITEM', 4, 'Graphics card 相关资料'),
  (1013, 1005, 'MAP', 8, 'Lighthouse 相关资料'),
  (1014, 1005, 'WEAPON', 1007, 'SR-25 相关资料'),
  (1015, 1005, 'AMMO', 1014, '7.62x51mm M62 Tracer 相关资料'),
  (1016, 1006, 'MAP', 4, 'Reserve 相关资料'),
  (1017, 1006, 'ITEM', 1019, 'Military circuit board 相关资料'),
  (1018, 1007, 'MAP', 6, 'Shoreline 相关资料'),
  (1019, 1007, 'TRADER', 2, 'Therapist 相关资料'),
  (1020, 1007, 'QUEST', 1031, 'Health Care Privacy Part 2 相关资料'),
  (1021, 1008, 'TRADER', 2, 'Therapist 相关资料'),
  (1022, 1008, 'QUEST', 1030, 'Health Care Privacy Part 1 相关资料'),
  (1023, 1008, 'ITEM', 1014, 'Portable defibrillator 相关资料'),
  (1024, 1009, 'TRADER', 4, 'Mechanic 相关资料'),
  (1025, 1009, 'QUEST', 1054, 'Gunsmith Part 5 相关资料'),
  (1026, 1009, 'WEAPON', 1005, 'MDR 5.56 相关资料'),
  (1027, 1010, 'WEAPON', 1001, 'HK 416A5 相关资料'),
  (1028, 1010, 'WEAPON', 2, 'M4A1 相关资料'),
  (1029, 1010, 'AMMO', 1007, '5.56x45mm M856A1 相关资料'),
  (1030, 1011, 'MAP', 1, 'Customs 相关资料'),
  (1031, 1011, 'WEAPON', 1002, 'RD-704 相关资料'),
  (1032, 1011, 'AMMO', 1011, '7.62x39mm BP gzh 相关资料'),
  (1033, 1012, 'MAP', 3, 'Woods 相关资料'),
  (1034, 1012, 'WEAPON', 1, 'AK-74N 相关资料'),
  (1035, 1012, 'AMMO', 1002, '5.45x39mm BT gs 相关资料'),
  (1036, 1012, 'AMMO', 1003, '5.45x39mm BS gs 相关资料'),
  (1037, 1013, 'MAP', 2, 'Factory 相关资料'),
  (1038, 1013, 'WEAPON', 1020, 'P90 相关资料'),
  (1039, 1013, 'WEAPON', 1016, 'MP7A1 相关资料'),
  (1040, 1013, 'AMMO', 1025, '5.7x28mm SS190 相关资料'),
  (1041, 1014, 'MAP', 6, 'Shoreline 相关资料'),
  (1042, 1014, 'ITEM', 1012, 'LEDX Skin Transilluminator 相关资料'),
  (1043, 1014, 'HIDEOUT', 2, 'Medstation 相关资料'),
  (1044, 1015, 'ITEM', 1056, 'Water filter 相关资料'),
  (1045, 1015, 'ITEM', 1055, 'Propane tank 相关资料'),
  (1046, 1015, 'HIDEOUT', 1004, 'Water Collector 相关资料'),
  (1047, 1015, 'HIDEOUT', 1012, 'Booze Generator 相关资料'),
  (1048, 1016, 'ITEM', 1066, 'Intelligence folder 相关资料'),
  (1049, 1016, 'HIDEOUT', 1009, 'Scav Case 相关资料'),
  (1050, 1017, 'MAP', 5, 'Streets of Tarkov 相关资料'),
  (1051, 1017, 'BOSS', 7, 'Kaban 相关资料'),
  (1052, 1018, 'MAP', 7, 'Interchange 相关资料'),
  (1053, 1018, 'BOSS', 6, 'Killa 相关资料'),
  (1054, 1018, 'WEAPON', 1016, 'MP7A1 相关资料'),
  (1055, 1018, 'AMMO', 1024, '4.6x30mm AP SX 相关资料'),
  (1056, 1019, 'MAP', 3, 'Woods 相关资料'),
  (1057, 1019, 'BOSS', 4, 'Shturman 相关资料'),
  (1058, 1019, 'WEAPON', 1031, 'M700 相关资料'),
  (1059, 1020, 'MAP', 6, 'Shoreline 相关资料'),
  (1060, 1020, 'BOSS', 5, 'Sanitar 相关资料'),
  (1061, 1021, 'MAP', 8, 'Lighthouse 相关资料'),
  (1062, 1021, 'BOSS', 9, 'Zryachiy 相关资料'),
  (1063, 1021, 'WEAPON', 1029, 'AXMC 相关资料'),
  (1064, 1021, 'AMMO', 1032, '.338 Lapua Magnum AP 相关资料'),
  (1065, 1022, 'MAP', 2, 'Factory 相关资料'),
  (1066, 1022, 'BOSS', 2, 'Tagilla 相关资料'),
  (1067, 1022, 'WEAPON', 1014, 'Saiga-12K 相关资料'),
  (1068, 1022, 'AMMO', 1022, '12/70 AP-20 armor-piercing slug 相关资料'),
  (1069, 1023, 'MAP', 10, 'The Lab 相关资料'),
  (1070, 1023, 'ITEM', 12, 'TerraGroup Labs keycard 相关资料'),
  (1071, 1023, 'WEAPON', 1001, 'HK 416A5 相关资料'),
  (1072, 1024, 'MAP', 6, 'Shoreline 相关资料'),
  (1073, 1024, 'TRADER', 7, 'Peacekeeper 相关资料'),
  (1074, 1024, 'QUEST', 1083, 'Spa Tour Part 1 相关资料'),
  (1075, 1025, 'MAP', 1, 'Customs 相关资料'),
  (1076, 1025, 'TRADER', 3, 'Skier 相关资料'),
  (1077, 1025, 'QUEST', 1042, 'Chemical Part 1 相关资料'),
  (1078, 1025, 'QUEST', 1045, 'Chemical Part 4 相关资料'),
  (1079, 1026, 'MAP', 3, 'Woods 相关资料'),
  (1080, 1026, 'TRADER', 8, 'Jaeger 相关资料'),
  (1081, 1026, 'QUEST', 1099, 'The Tarkov Shooter Part 3 相关资料'),
  (1082, 1026, 'WEAPON', 6, 'Mosin 相关资料'),
  (1083, 1027, 'MAP', 7, 'Interchange 相关资料'),
  (1084, 1027, 'TRADER', 5, 'Ragman 相关资料'),
  (1085, 1027, 'QUEST', 1067, 'Sales Night 相关资料'),
  (1086, 1028, 'MAP', 6, 'Shoreline 相关资料'),
  (1087, 1028, 'TRADER', 7, 'Peacekeeper 相关资料'),
  (1088, 1028, 'QUEST', 1088, 'Cargo X Part 1 相关资料'),
  (1089, 1029, 'MAP', 5, 'Streets of Tarkov 相关资料'),
  (1090, 1029, 'ITEM', 1062, 'Roler Submariner gold wrist watch 相关资料'),
  (1091, 1030, 'HIDEOUT', 1012, 'Booze Generator 相关资料'),
  (1092, 1030, 'ITEM', 1056, 'Water filter 相关资料'),
  (1093, 1030, 'ITEM', 1057, 'Sugar 相关资料'),
  (1094, 1031, 'MAP', 9, 'Ground Zero 相关资料'),
  (1095, 1032, 'WEAPON', 1021, 'AS VAL 相关资料'),
  (1096, 1032, 'WEAPON', 1022, 'VSS Vintorez 相关资料'),
  (1097, 1032, 'AMMO', 1028, '9x39mm SP-6 gs 相关资料')
ON DUPLICATE KEY UPDATE post_id = VALUES(post_id), catalog_type = VALUES(catalog_type), catalog_id = VALUES(catalog_id), relation_note = VALUES(relation_note);

INSERT INTO post_task_detail (post_id, quest_id, trader_id, map_id, task_type, required_items, route_advice, risk_level, intel_status)
VALUES
  (1001, 1007, 1, 1, '路线规划/任务执行', '基础医疗、止痛、备用弹匣', '先确认撤离，再决定是否进入高风险资源点。任务物品优先于战利品。', 'LOW', 'VERIFIED'),
  (1002, 1001, 2, 9, '路线规划/任务执行', '基础医疗、止痛、备用弹匣', '先确认撤离，再决定是否进入高风险资源点。任务物品优先于战利品。', 'MEDIUM', 'VERIFIED'),
  (1005, NULL, NULL, 8, '路线规划/任务执行', '基础医疗、止痛、备用弹匣', '先确认撤离，再决定是否进入高风险资源点。任务物品优先于战利品。', 'HIGH', 'VERIFIED'),
  (1008, 1030, 2, 6, '路线规划/任务执行', 'Portable defibrillator', '先确认撤离，再决定是否进入高风险资源点。任务物品优先于战利品。', 'MEDIUM', 'VERIFIED'),
  (1009, 1054, 4, NULL, '路线规划/任务执行', '基础医疗、止痛、备用弹匣', '先确认撤离，再决定是否进入高风险资源点。任务物品优先于战利品。', 'LOW', 'VERIFIED'),
  (1017, NULL, NULL, 5, '路线规划/任务执行', '基础医疗、止痛、备用弹匣', '先确认撤离，再决定是否进入高风险资源点。任务物品优先于战利品。', 'HIGH', 'VERIFIED'),
  (1018, NULL, NULL, 7, '路线规划/任务执行', '基础医疗、止痛、备用弹匣', '先确认撤离，再决定是否进入高风险资源点。任务物品优先于战利品。', 'HIGH', 'VERIFIED'),
  (1020, NULL, NULL, 6, '路线规划/任务执行', '基础医疗、止痛、备用弹匣', '先确认撤离，再决定是否进入高风险资源点。任务物品优先于战利品。', 'HIGH', 'VERIFIED'),
  (1022, NULL, NULL, 2, '路线规划/任务执行', '基础医疗、止痛、备用弹匣', '先确认撤离，再决定是否进入高风险资源点。任务物品优先于战利品。', 'HIGH', 'VERIFIED'),
  (1024, 1083, 7, 6, '路线规划/任务执行', '基础医疗、止痛、备用弹匣', '先确认撤离，再决定是否进入高风险资源点。任务物品优先于战利品。', 'MEDIUM', 'VERIFIED'),
  (1025, 1042, 3, 1, '路线规划/任务执行', '基础医疗、止痛、备用弹匣', '先确认撤离，再决定是否进入高风险资源点。任务物品优先于战利品。', 'MEDIUM', 'VERIFIED'),
  (1026, 1099, 8, 3, '路线规划/任务执行', '基础医疗、止痛、备用弹匣', '先确认撤离，再决定是否进入高风险资源点。任务物品优先于战利品。', 'MEDIUM', 'VERIFIED'),
  (1028, 1088, 7, 6, '路线规划/任务执行', '基础医疗、止痛、备用弹匣', '先确认撤离，再决定是否进入高风险资源点。任务物品优先于战利品。', 'MEDIUM', 'VERIFIED'),
  (1029, NULL, NULL, 5, '路线规划/任务执行', 'Roler Submariner gold wrist watch', '先确认撤离，再决定是否进入高风险资源点。任务物品优先于战利品。', 'HIGH', 'PENDING'),
  (1031, NULL, NULL, 9, '路线规划/任务执行', '基础医疗、止痛、备用弹匣', '先确认撤离，再决定是否进入高风险资源点。任务物品优先于战利品。', 'MEDIUM', 'VERIFIED')
ON DUPLICATE KEY UPDATE post_id = VALUES(post_id), quest_id = VALUES(quest_id), trader_id = VALUES(trader_id), map_id = VALUES(map_id), task_type = VALUES(task_type), required_items = VALUES(required_items), route_advice = VALUES(route_advice), risk_level = VALUES(risk_level), intel_status = VALUES(intel_status);

INSERT INTO post_loadout_detail (post_id, weapon_id, ammo_id, armor_level, budget_level, suitable_maps, suitable_stage, loadout_summary)
VALUES
  (1010, 1001, 1007, '3-4级', '中等预算', 'Factory,Customs,Woods', '中前期到中期', '按弹药成本、交火距离和撤离压力讨论配装，不追求满改。'),
  (1011, 1002, 1011, '4-5级', '中等预算', 'Customs', '中前期到中期', '按弹药成本、交火距离和撤离压力讨论配装，不追求满改。'),
  (1012, 1, 1003, '3-4级', '中等预算', 'Woods', '中前期到中期', '按弹药成本、交火距离和撤离压力讨论配装，不追求满改。'),
  (1013, 1020, 1025, '3-4级', '中等预算', 'Factory', '中前期到中期', '按弹药成本、交火距离和撤离压力讨论配装，不追求满改。'),
  (1032, 1021, 1028, '3-4级', '中等预算', 'Factory', '中前期到中期', '按弹药成本、交火距离和撤离压力讨论配装，不追求满改。')
ON DUPLICATE KEY UPDATE post_id = VALUES(post_id), weapon_id = VALUES(weapon_id), ammo_id = VALUES(ammo_id), armor_level = VALUES(armor_level), budget_level = VALUES(budget_level), suitable_maps = VALUES(suitable_maps), suitable_stage = VALUES(suitable_stage), loadout_summary = VALUES(loadout_summary);

INSERT INTO post_market_detail (post_id, item_id, price_range, usage_type, suggestion, quest_needed, hideout_needed)
VALUES
  (1003, 1028, '中低波动', '任务/藏身处/市场', '没有明确资金压力时优先按任务和藏身处阶段保留。', 1, 1),
  (1014, 1012, '高波动', '任务/藏身处/市场', '没有明确资金压力时优先按任务和藏身处阶段保留。', 1, 1),
  (1015, 1056, '中低波动', '任务/藏身处/市场', '没有明确资金压力时优先按任务和藏身处阶段保留。', 1, 1),
  (1016, 1066, '中低波动', '任务/藏身处/市场', '没有明确资金压力时优先按任务和藏身处阶段保留。', 1, 1),
  (1030, 1057, '中低波动', '任务/藏身处/市场', '没有明确资金压力时优先按任务和藏身处阶段保留。', 1, 1)
ON DUPLICATE KEY UPDATE post_id = VALUES(post_id), item_id = VALUES(item_id), price_range = VALUES(price_range), usage_type = VALUES(usage_type), suggestion = VALUES(suggestion), quest_needed = VALUES(quest_needed), hideout_needed = VALUES(hideout_needed);

INSERT INTO post_raid_review_detail (post_id, map_id, death_location, enemy_type, lost_equipment, injury_status, review_summary)
VALUES
  (1004, 7, 'Interchange 热点周边', 'PMC/Boss/Raider', '中等预算装备、基础医疗、任务物资', '交火后撤离压力上升', '复盘重点是声音来源、第三方介入时间和撤离窗口。'),
  (1006, 4, 'Reserve 热点周边', 'PMC/Boss/Raider', '中等预算装备、基础医疗、任务物资', '交火后撤离压力上升', '复盘重点是声音来源、第三方介入时间和撤离窗口。'),
  (1019, 3, 'Woods 热点周边', 'PMC/Boss/Raider', '中等预算装备、基础医疗、任务物资', '交火后撤离压力上升', '复盘重点是声音来源、第三方介入时间和撤离窗口。'),
  (1023, 10, 'The Lab 热点周边', 'PMC/Boss/Raider', '中等预算装备、基础医疗、任务物资', '交火后撤离压力上升', '复盘重点是声音来源、第三方介入时间和撤离窗口。')
ON DUPLICATE KEY UPDATE post_id = VALUES(post_id), map_id = VALUES(map_id), death_location = VALUES(death_location), enemy_type = VALUES(enemy_type), lost_equipment = VALUES(lost_equipment), injury_status = VALUES(injury_status), review_summary = VALUES(review_summary);

INSERT INTO post_teamup_detail (post_id, map_id, goal_type, team_size, gear_requirement, voice_requirement, play_time, recruit_status)
VALUES
  (1007, 6, '任务路线/资源点控制', 3, '中低成本装备，带基础医疗和通讯', '需要语音沟通', '20:30-23:00', 'OPEN'),
  (1027, 7, '任务路线/资源点控制', 3, '中低成本装备，带基础医疗和通讯', '需要语音沟通', '20:30-23:00', 'OPEN')
ON DUPLICATE KEY UPDATE post_id = VALUES(post_id), map_id = VALUES(map_id), goal_type = VALUES(goal_type), team_size = VALUES(team_size), gear_requirement = VALUES(gear_requirement), voice_requirement = VALUES(voice_requirement), play_time = VALUES(play_time), recruit_status = VALUES(recruit_status);

INSERT INTO post_tag (id, post_id, tag_id)
VALUES
  (1001, 1001, 1),
  (1002, 1001, 2),
  (1003, 1002, 2),
  (1004, 1002, 9),
  (1005, 1003, 4),
  (1006, 1004, 5),
  (1007, 1005, 1),
  (1008, 1005, 2),
  (1009, 1006, 5),
  (1010, 1007, 7),
  (1011, 1008, 2),
  (1012, 1008, 9),
  (1013, 1009, 2),
  (1014, 1009, 9),
  (1015, 1010, 3),
  (1016, 1011, 3),
  (1017, 1012, 3),
  (1018, 1013, 3),
  (1019, 1014, 4),
  (1020, 1015, 4),
  (1021, 1015, 6),
  (1022, 1016, 4),
  (1023, 1016, 6),
  (1024, 1017, 8),
  (1025, 1018, 8),
  (1026, 1019, 8),
  (1027, 1020, 8),
  (1028, 1021, 8),
  (1029, 1022, 8),
  (1030, 1023, 5),
  (1031, 1024, 2),
  (1032, 1024, 9),
  (1033, 1025, 2),
  (1034, 1025, 9),
  (1035, 1026, 2),
  (1036, 1026, 9),
  (1037, 1027, 7),
  (1038, 1028, 2),
  (1039, 1028, 9),
  (1040, 1029, 1),
  (1041, 1029, 2),
  (1042, 1030, 4),
  (1043, 1030, 6),
  (1044, 1031, 1),
  (1045, 1031, 2),
  (1046, 1032, 3)
ON DUPLICATE KEY UPDATE post_id = VALUES(post_id), tag_id = VALUES(tag_id);

INSERT INTO post_comment (id, post_id, user_id, parent_id, reply_to_user_id, content, like_count, status, created_at)
VALUES
  (1001, 1001, 4, NULL, NULL, '这条可以作为路线复盘入口，建议补一下出生点和撤离点组合。', 2, 'NORMAL', '2026-06-12 10:47:00'),
  (1002, 1001, 5, NULL, NULL, '我更关心实际风险，如果能标出哪些点适合绕行就更好。', 1, 'NORMAL', '2026-06-12 10:47:00'),
  (1003, 1002, 2, NULL, NULL, '这条可以作为路线复盘入口，建议补一下出生点和撤离点组合。', 3, 'NORMAL', '2026-06-13 11:54:00'),
  (1004, 1002, 3, NULL, NULL, '我更关心实际风险，如果能标出哪些点适合绕行就更好。', 2, 'NORMAL', '2026-06-13 11:54:00'),
  (1005, 1003, 5, NULL, NULL, '这条可以作为路线复盘入口，建议补一下出生点和撤离点组合。', 4, 'NORMAL', '2026-06-14 12:01:00'),
  (1006, 1003, 2, NULL, NULL, '我更关心实际风险，如果能标出哪些点适合绕行就更好。', 0, 'NORMAL', '2026-06-14 12:01:00'),
  (1007, 1004, 3, NULL, NULL, '这条可以作为路线复盘入口，建议补一下出生点和撤离点组合。', 1, 'NORMAL', '2026-06-12 13:08:00'),
  (1008, 1004, 4, NULL, NULL, '我更关心实际风险，如果能标出哪些点适合绕行就更好。', 1, 'NORMAL', '2026-06-12 13:08:00'),
  (1009, 1005, 2, NULL, NULL, '这条可以作为路线复盘入口，建议补一下出生点和撤离点组合。', 2, 'NORMAL', '2026-06-13 14:15:00'),
  (1010, 1005, 3, NULL, NULL, '我更关心实际风险，如果能标出哪些点适合绕行就更好。', 2, 'NORMAL', '2026-06-13 14:15:00'),
  (1011, 1006, 5, NULL, NULL, '这条可以作为路线复盘入口，建议补一下出生点和撤离点组合。', 3, 'NORMAL', '2026-06-14 15:22:00'),
  (1012, 1006, 2, NULL, NULL, '我更关心实际风险，如果能标出哪些点适合绕行就更好。', 0, 'NORMAL', '2026-06-14 15:22:00'),
  (1013, 1007, 4, NULL, NULL, '这条可以作为路线复盘入口，建议补一下出生点和撤离点组合。', 4, 'NORMAL', '2026-06-12 16:29:00'),
  (1014, 1007, 5, NULL, NULL, '我更关心实际风险，如果能标出哪些点适合绕行就更好。', 1, 'NORMAL', '2026-06-12 16:29:00'),
  (1015, 1008, 2, NULL, NULL, '这条可以作为路线复盘入口，建议补一下出生点和撤离点组合。', 1, 'NORMAL', '2026-06-13 17:36:00'),
  (1016, 1008, 3, NULL, NULL, '我更关心实际风险，如果能标出哪些点适合绕行就更好。', 2, 'NORMAL', '2026-06-13 17:36:00'),
  (1017, 1009, 3, NULL, NULL, '这条可以作为路线复盘入口，建议补一下出生点和撤离点组合。', 2, 'NORMAL', '2026-06-14 18:43:00'),
  (1018, 1009, 4, NULL, NULL, '我更关心实际风险，如果能标出哪些点适合绕行就更好。', 0, 'NORMAL', '2026-06-14 18:43:00'),
  (1019, 1010, 5, NULL, NULL, '这条可以作为路线复盘入口，建议补一下出生点和撤离点组合。', 3, 'NORMAL', '2026-06-12 19:50:00'),
  (1020, 1010, 2, NULL, NULL, '我更关心实际风险，如果能标出哪些点适合绕行就更好。', 1, 'NORMAL', '2026-06-12 19:50:00'),
  (1021, 1011, 2, NULL, NULL, '这条可以作为路线复盘入口，建议补一下出生点和撤离点组合。', 4, 'NORMAL', '2026-06-13 20:57:00'),
  (1022, 1011, 3, NULL, NULL, '我更关心实际风险，如果能标出哪些点适合绕行就更好。', 2, 'NORMAL', '2026-06-13 20:57:00'),
  (1023, 1012, 4, NULL, NULL, '这条可以作为路线复盘入口，建议补一下出生点和撤离点组合。', 1, 'NORMAL', '2026-06-14 21:04:00'),
  (1024, 1012, 5, NULL, NULL, '我更关心实际风险，如果能标出哪些点适合绕行就更好。', 0, 'NORMAL', '2026-06-14 21:04:00'),
  (1025, 1013, 3, NULL, NULL, '这条可以作为路线复盘入口，建议补一下出生点和撤离点组合。', 2, 'NORMAL', '2026-06-12 10:11:00'),
  (1026, 1013, 4, NULL, NULL, '我更关心实际风险，如果能标出哪些点适合绕行就更好。', 1, 'NORMAL', '2026-06-12 10:11:00'),
  (1027, 1014, 5, NULL, NULL, '这条可以作为路线复盘入口，建议补一下出生点和撤离点组合。', 3, 'NORMAL', '2026-06-13 11:18:00'),
  (1028, 1014, 2, NULL, NULL, '我更关心实际风险，如果能标出哪些点适合绕行就更好。', 2, 'NORMAL', '2026-06-13 11:18:00'),
  (1029, 1015, 2, NULL, NULL, '这条可以作为路线复盘入口，建议补一下出生点和撤离点组合。', 4, 'NORMAL', '2026-06-14 12:25:00'),
  (1030, 1015, 3, NULL, NULL, '我更关心实际风险，如果能标出哪些点适合绕行就更好。', 0, 'NORMAL', '2026-06-14 12:25:00'),
  (1031, 1016, 3, NULL, NULL, '这条可以作为路线复盘入口，建议补一下出生点和撤离点组合。', 1, 'NORMAL', '2026-06-12 13:32:00'),
  (1032, 1016, 4, NULL, NULL, '我更关心实际风险，如果能标出哪些点适合绕行就更好。', 1, 'NORMAL', '2026-06-12 13:32:00'),
  (1033, 1017, 4, NULL, NULL, '这条可以作为路线复盘入口，建议补一下出生点和撤离点组合。', 2, 'NORMAL', '2026-06-13 14:39:00'),
  (1034, 1017, 5, NULL, NULL, '我更关心实际风险，如果能标出哪些点适合绕行就更好。', 2, 'NORMAL', '2026-06-13 14:39:00'),
  (1035, 1018, 2, NULL, NULL, '这条可以作为路线复盘入口，建议补一下出生点和撤离点组合。', 3, 'NORMAL', '2026-06-14 15:46:00'),
  (1036, 1018, 3, NULL, NULL, '我更关心实际风险，如果能标出哪些点适合绕行就更好。', 0, 'NORMAL', '2026-06-14 15:46:00'),
  (1037, 1019, 5, NULL, NULL, '这条可以作为路线复盘入口，建议补一下出生点和撤离点组合。', 4, 'NORMAL', '2026-06-12 16:53:00'),
  (1038, 1019, 2, NULL, NULL, '我更关心实际风险，如果能标出哪些点适合绕行就更好。', 1, 'NORMAL', '2026-06-12 16:53:00'),
  (1039, 1020, 3, NULL, NULL, '这条可以作为路线复盘入口，建议补一下出生点和撤离点组合。', 1, 'NORMAL', '2026-06-13 17:00:00'),
  (1040, 1020, 4, NULL, NULL, '我更关心实际风险，如果能标出哪些点适合绕行就更好。', 2, 'NORMAL', '2026-06-13 17:00:00'),
  (1041, 1021, 5, NULL, NULL, '这条可以作为路线复盘入口，建议补一下出生点和撤离点组合。', 2, 'NORMAL', '2026-06-14 18:07:00'),
  (1042, 1021, 2, NULL, NULL, '我更关心实际风险，如果能标出哪些点适合绕行就更好。', 0, 'NORMAL', '2026-06-14 18:07:00'),
  (1043, 1022, 4, NULL, NULL, '这条可以作为路线复盘入口，建议补一下出生点和撤离点组合。', 3, 'NORMAL', '2026-06-12 19:14:00'),
  (1044, 1022, 5, NULL, NULL, '我更关心实际风险，如果能标出哪些点适合绕行就更好。', 1, 'NORMAL', '2026-06-12 19:14:00'),
  (1045, 1023, 3, NULL, NULL, '这条可以作为路线复盘入口，建议补一下出生点和撤离点组合。', 4, 'NORMAL', '2026-06-13 20:21:00'),
  (1046, 1023, 4, NULL, NULL, '我更关心实际风险，如果能标出哪些点适合绕行就更好。', 2, 'NORMAL', '2026-06-13 20:21:00'),
  (1047, 1024, 2, NULL, NULL, '这条可以作为路线复盘入口，建议补一下出生点和撤离点组合。', 1, 'NORMAL', '2026-06-14 21:28:00'),
  (1048, 1024, 3, NULL, NULL, '我更关心实际风险，如果能标出哪些点适合绕行就更好。', 0, 'NORMAL', '2026-06-14 21:28:00'),
  (1049, 1025, 5, NULL, NULL, '这条可以作为路线复盘入口，建议补一下出生点和撤离点组合。', 2, 'NORMAL', '2026-06-12 10:35:00'),
  (1050, 1025, 2, NULL, NULL, '我更关心实际风险，如果能标出哪些点适合绕行就更好。', 1, 'NORMAL', '2026-06-12 10:35:00'),
  (1051, 1026, 4, NULL, NULL, '这条可以作为路线复盘入口，建议补一下出生点和撤离点组合。', 3, 'NORMAL', '2026-06-13 11:42:00'),
  (1052, 1026, 5, NULL, NULL, '我更关心实际风险，如果能标出哪些点适合绕行就更好。', 2, 'NORMAL', '2026-06-13 11:42:00'),
  (1053, 1027, 2, NULL, NULL, '这条可以作为路线复盘入口，建议补一下出生点和撤离点组合。', 4, 'NORMAL', '2026-06-14 12:49:00'),
  (1054, 1027, 3, NULL, NULL, '我更关心实际风险，如果能标出哪些点适合绕行就更好。', 0, 'NORMAL', '2026-06-14 12:49:00'),
  (1055, 1028, 3, NULL, NULL, '这条可以作为路线复盘入口，建议补一下出生点和撤离点组合。', 1, 'NORMAL', '2026-06-12 13:56:00'),
  (1056, 1028, 4, NULL, NULL, '我更关心实际风险，如果能标出哪些点适合绕行就更好。', 1, 'NORMAL', '2026-06-12 13:56:00'),
  (1057, 1029, 5, NULL, NULL, '这条可以作为路线复盘入口，建议补一下出生点和撤离点组合。', 2, 'NORMAL', '2026-06-13 14:03:00'),
  (1058, 1029, 2, NULL, NULL, '我更关心实际风险，如果能标出哪些点适合绕行就更好。', 2, 'NORMAL', '2026-06-13 14:03:00'),
  (1059, 1030, 4, NULL, NULL, '这条可以作为路线复盘入口，建议补一下出生点和撤离点组合。', 3, 'NORMAL', '2026-06-14 15:10:00'),
  (1060, 1030, 5, NULL, NULL, '我更关心实际风险，如果能标出哪些点适合绕行就更好。', 0, 'NORMAL', '2026-06-14 15:10:00'),
  (1061, 1031, 2, NULL, NULL, '这条可以作为路线复盘入口，建议补一下出生点和撤离点组合。', 4, 'NORMAL', '2026-06-12 16:17:00'),
  (1062, 1031, 3, NULL, NULL, '我更关心实际风险，如果能标出哪些点适合绕行就更好。', 1, 'NORMAL', '2026-06-12 16:17:00'),
  (1063, 1032, 3, NULL, NULL, '这条可以作为路线复盘入口，建议补一下出生点和撤离点组合。', 1, 'NORMAL', '2026-06-13 17:24:00'),
  (1064, 1032, 4, NULL, NULL, '我更关心实际风险，如果能标出哪些点适合绕行就更好。', 2, 'NORMAL', '2026-06-13 17:24:00')
ON DUPLICATE KEY UPDATE post_id = VALUES(post_id), user_id = VALUES(user_id), parent_id = VALUES(parent_id), reply_to_user_id = VALUES(reply_to_user_id), content = VALUES(content), like_count = VALUES(like_count), status = VALUES(status);

INSERT INTO post_like (id, post_id, user_id, created_at)
VALUES
  (1001, 1001, 2, '2026-06-12 10:47:00'),
  (1002, 1001, 3, '2026-06-12 10:47:00'),
  (1003, 1002, 2, '2026-06-13 11:54:00'),
  (1004, 1002, 3, '2026-06-13 11:54:00'),
  (1005, 1003, 2, '2026-06-14 12:01:00'),
  (1006, 1004, 2, '2026-06-12 13:08:00'),
  (1007, 1004, 3, '2026-06-12 13:08:00'),
  (1008, 1005, 2, '2026-06-13 14:15:00'),
  (1009, 1005, 3, '2026-06-13 14:15:00'),
  (1010, 1006, 2, '2026-06-14 15:22:00'),
  (1011, 1007, 2, '2026-06-12 16:29:00'),
  (1012, 1007, 3, '2026-06-12 16:29:00'),
  (1013, 1008, 2, '2026-06-13 17:36:00'),
  (1014, 1008, 3, '2026-06-13 17:36:00'),
  (1015, 1009, 2, '2026-06-14 18:43:00'),
  (1016, 1009, 3, '2026-06-14 18:43:00'),
  (1017, 1010, 2, '2026-06-12 19:50:00'),
  (1018, 1011, 2, '2026-06-13 20:57:00'),
  (1019, 1011, 3, '2026-06-13 20:57:00'),
  (1020, 1012, 2, '2026-06-14 21:04:00'),
  (1021, 1012, 3, '2026-06-14 21:04:00'),
  (1022, 1013, 2, '2026-06-12 10:11:00'),
  (1023, 1013, 3, '2026-06-12 10:11:00'),
  (1024, 1014, 2, '2026-06-13 11:18:00'),
  (1025, 1015, 2, '2026-06-14 12:25:00'),
  (1026, 1015, 3, '2026-06-14 12:25:00'),
  (1027, 1016, 2, '2026-06-12 13:32:00'),
  (1028, 1016, 3, '2026-06-12 13:32:00'),
  (1029, 1017, 2, '2026-06-13 14:39:00'),
  (1030, 1017, 3, '2026-06-13 14:39:00'),
  (1031, 1018, 2, '2026-06-14 15:46:00'),
  (1032, 1018, 3, '2026-06-14 15:46:00'),
  (1033, 1019, 2, '2026-06-12 16:53:00'),
  (1034, 1020, 2, '2026-06-13 17:00:00'),
  (1035, 1020, 3, '2026-06-13 17:00:00'),
  (1036, 1021, 2, '2026-06-14 18:07:00'),
  (1037, 1022, 2, '2026-06-12 19:14:00'),
  (1038, 1022, 3, '2026-06-12 19:14:00'),
  (1039, 1023, 2, '2026-06-13 20:21:00'),
  (1040, 1023, 3, '2026-06-13 20:21:00'),
  (1041, 1024, 2, '2026-06-14 21:28:00'),
  (1042, 1024, 3, '2026-06-14 21:28:00'),
  (1043, 1025, 2, '2026-06-12 10:35:00'),
  (1044, 1026, 2, '2026-06-13 11:42:00'),
  (1045, 1026, 3, '2026-06-13 11:42:00'),
  (1046, 1027, 2, '2026-06-14 12:49:00'),
  (1047, 1027, 3, '2026-06-14 12:49:00'),
  (1048, 1028, 2, '2026-06-12 13:56:00'),
  (1049, 1028, 3, '2026-06-12 13:56:00'),
  (1050, 1029, 2, '2026-06-13 14:03:00'),
  (1051, 1030, 2, '2026-06-14 15:10:00'),
  (1052, 1030, 3, '2026-06-14 15:10:00'),
  (1053, 1031, 2, '2026-06-12 16:17:00'),
  (1054, 1031, 3, '2026-06-12 16:17:00'),
  (1055, 1032, 2, '2026-06-13 17:24:00'),
  (1056, 1032, 3, '2026-06-13 17:24:00')
ON DUPLICATE KEY UPDATE post_id = VALUES(post_id), user_id = VALUES(user_id);

INSERT INTO favorite (id, post_id, user_id, created_at)
VALUES
  (1001, 1001, 4, '2026-06-12 10:47:00'),
  (1002, 1002, 4, '2026-06-13 11:54:00'),
  (1003, 1003, 4, '2026-06-14 12:01:00'),
  (1004, 1004, 4, '2026-06-12 13:08:00'),
  (1005, 1005, 4, '2026-06-13 14:15:00'),
  (1006, 1006, 4, '2026-06-14 15:22:00'),
  (1007, 1007, 4, '2026-06-12 16:29:00'),
  (1008, 1008, 4, '2026-06-13 17:36:00'),
  (1009, 1009, 4, '2026-06-14 18:43:00'),
  (1010, 1010, 4, '2026-06-12 19:50:00'),
  (1011, 1011, 4, '2026-06-13 20:57:00'),
  (1012, 1012, 4, '2026-06-14 21:04:00'),
  (1013, 1013, 4, '2026-06-12 10:11:00'),
  (1014, 1014, 4, '2026-06-13 11:18:00'),
  (1015, 1015, 4, '2026-06-14 12:25:00'),
  (1016, 1016, 4, '2026-06-12 13:32:00'),
  (1017, 1017, 4, '2026-06-13 14:39:00'),
  (1018, 1018, 4, '2026-06-14 15:46:00'),
  (1019, 1019, 4, '2026-06-12 16:53:00'),
  (1020, 1020, 4, '2026-06-13 17:00:00'),
  (1021, 1021, 4, '2026-06-14 18:07:00'),
  (1022, 1022, 4, '2026-06-12 19:14:00'),
  (1023, 1023, 4, '2026-06-13 20:21:00'),
  (1024, 1024, 4, '2026-06-14 21:28:00'),
  (1025, 1025, 4, '2026-06-12 10:35:00'),
  (1026, 1026, 4, '2026-06-13 11:42:00'),
  (1027, 1027, 4, '2026-06-14 12:49:00'),
  (1028, 1028, 4, '2026-06-12 13:56:00'),
  (1029, 1029, 4, '2026-06-13 14:03:00'),
  (1030, 1030, 4, '2026-06-14 15:10:00'),
  (1031, 1031, 4, '2026-06-12 16:17:00'),
  (1032, 1032, 4, '2026-06-13 17:24:00')
ON DUPLICATE KEY UPDATE post_id = VALUES(post_id), user_id = VALUES(user_id);
